INSERT INTO users (user_id, first_name, last_name, email, password_hash, phone_number, role) VALUES ('a186f623-8e52-4c2e-834a-f300f7513bb1', 'Megan', 'Chang', 'greenwilliam@yahoo.com', '382d1ac7b4518fbd1a938c8a1e6d2c2b6536eab82c7ba1d5afddf596a6631ff3', '759-382-4219x4892', 'host');
INSERT INTO users (user_id, first_name, last_name, email, password_hash, phone_number, role) VALUES ('cdf36fe5-0841-4ab7-b390-3d3c7e197830', 'Kyle', 'Blair', 'wcastro@yahoo.com', '962393f2184a0e1125c4d9c7f2d3dcbe210beb39161d895c9df4b26f8e1f0b5a', '+1-387-784-0801x6097', 'host');
INSERT INTO users (user_id, first_name, last_name, email, password_hash, phone_number, role) VALUES ('89718559-f433-4e0f-9abb-646bed7c5eb2', 'Maria', 'Cook', 'leeashley@gmail.com', '47445e591f0034a2371a632a3f3ef7bdf952006e46acad62114f7393657b7b56', '(871)158-7148', 'guest');
INSERT INTO users (user_id, first_name, last_name, email, password_hash, phone_number, role) VALUES ('995f6b2d-4b13-47aa-9aa1-b9e9db8c061c', 'Kelly', 'Martinez', 'tamaramorrison@hotmail.com', 'eeb07bea810f443c88e174ce5f6c9e9966c81b7e55f50b04aa3ca3592dbfe371', '965-934-2320', 'host');
INSERT INTO users (user_id, first_name, last_name, email, password_hash, phone_number, role) VALUES ('031ff6b1-0e93-4a69-8e6b-5521661ee760', 'Chloe', 'Douglas', 'daviskatherine@gmail.com', 'a32bf17092f415421ab84f5791b71c374a7163e7d5f1f781029e6c802a0cc2e2', '868-483-3969', 'host');
INSERT INTO users (user_id, first_name, last_name, email, password_hash, phone_number, role) VALUES ('960548e4-7684-42c9-a980-649a0d6a64d9', 'Joshua', 'Vasquez', 'nguyendarrell@hotmail.com', '82d309d9ef3ff9fdec1bc99b78c3acdf1d429ed97dcd92c9a2abdac49b0d4b58', '304.135.2560', 'host');
INSERT INTO users (user_id, first_name, last_name, email, password_hash, phone_number, role) VALUES ('016e5382-0b93-46ad-add7-20ce276edb66', 'Craig', 'Thomas', 'montoyacynthia@guzman.com', '29f17d230ec16097cfbeedb667952308e35e6376f9daac3b064f97e69367af6e', '001-161-510-9032', 'host');
INSERT INTO users (user_id, first_name, last_name, email, password_hash, phone_number, role) VALUES ('de73cfc3-9ab3-4f5b-bb93-9bdaa6830746', 'Jennifer', 'Mendoza', 'stephenschristine@jones-jones.com', 'fd8749adda8f879d3c8ac6fadb86638450ab10be444918cf55b454edf5af02d0', '(087)091-6345', 'host');
INSERT INTO users (user_id, first_name, last_name, email, password_hash, phone_number, role) VALUES ('2120dae7-c43d-43a0-8c40-71eeea74d0aa', 'Rebecca', 'Harrison', 'tammybrown@moore.com', '120cae71752d6f6bb318b231632795b2350f60bbb8b1017359196ee45d73cc68', '207.698.4564x280', 'host');
INSERT INTO users (user_id, first_name, last_name, email, password_hash, phone_number, role) VALUES ('18a39caf-60bc-4dac-b86b-bc8f84126589', 'Stephen', 'Miller', 'dennis75@roberts.org', '49b56cce45d80df8deaf92f51c5746ec4439d682ddade588d4f6ed6936b50cd4', '661-093-5233x7696', 'guest');
INSERT INTO users (user_id, first_name, last_name, email, password_hash, phone_number, role) VALUES ('7b302bcd-7450-4f04-9725-156938dfad50', 'Anthony', 'Savage', 'martincaleb@hotmail.com', '572bda902c9ffce3546beed36e09fc3b9828a4783538a84ce1ef1337cdb37f34', '789.007.5470x63812', 'guest');
INSERT INTO users (user_id, first_name, last_name, email, password_hash, phone_number, role) VALUES ('85a0cc7c-67e7-4898-83d0-6f1a0bf3d286', 'Valerie', 'Morales', 'aaron00@hotmail.com', '29ab02275d3dd295324614fba9140d097caa1463651f425b0de3a61080be685b', '319-344-2176', 'host');
INSERT INTO users (user_id, first_name, last_name, email, password_hash, phone_number, role) VALUES ('e981845b-8b03-4efd-b2c4-56dd8bb167d7', 'Courtney', 'Johnson', 'callahandennis@hotmail.com', 'b1b5bfd9627d780dbde697c712e3d1cce592dca75af239be22dc058484b4e8ea', '+1-512-400-0348x5590', 'guest');
INSERT INTO users (user_id, first_name, last_name, email, password_hash, phone_number, role) VALUES ('5d7b7016-ca1a-4238-828d-2abb441800b9', 'Meghan', 'Ali', 'xbowman@hotmail.com', '380a873e08227bd6952ab1f63c7f435accd4fa93e599178315e9fc14858f7c09', '(940)224-5551x5900', 'guest');
INSERT INTO users (user_id, first_name, last_name, email, password_hash, phone_number, role) VALUES ('cd288d3e-9beb-41a6-9aa4-669ff2b47f6b', 'Joseph', 'Hernandez', 'ralph82@yahoo.com', '5e4cdd59d53946df07cf7a5c2d55b7e55bc3241c06c190394e1e5ce93d6e13ec', '001-304-28', 'host');
INSERT INTO users (user_id, first_name, last_name, email, password_hash, phone_number, role) VALUES ('99f47342-6f5f-4168-aa4c-e0ee44d706db', 'Regina', 'Wells', 'mendozaholly@yahoo.com', 'f96e2bdd460ce0313af60b442595d3145bc6ca97ce8988a301316d8c48f70d3c', '229-611-1330x60168', 'guest');
INSERT INTO users (user_id, first_name, last_name, email, password_hash, phone_number, role) VALUES ('f24fb5ea-1230-4a17-9168-b28a9217b622', 'April', 'West', 'rodneyrichardson@yahoo.com', '0f4652b31f3a4456f2583e47970a7e4b83a10e05498d08c958cb26b2c0ccbdb3', '(635)110-8731', 'host');
INSERT INTO users (user_id, first_name, last_name, email, password_hash, phone_number, role) VALUES ('a20b224a-d5c1-4b4f-854f-3f4d8162a3c8', 'Tyler', 'Scott', 'cindygarcia@gray-payne.com', '30403032addc26449e7b11883ee6770f8651d466c53bd3f3bc53ed353fbf0da9', '+1-729-668-7577x389', 'guest');
INSERT INTO users (user_id, first_name, last_name, email, password_hash, phone_number, role) VALUES ('cc9ef611-d9ad-47cd-ab47-3fdf2d2e591e', 'Sarah', 'Smith', 'austin24@hotmail.com', 'ebd9a40d8292850b7bf343df871a5c39956d84562f1e9c278069c92f0640e6af', '(947)118-0132x0407', 'guest');
INSERT INTO users (user_id, first_name, last_name, email, password_hash, phone_number, role) VALUES ('ef5d1406-35b2-41a2-a6c3-b6a3f4ea25ef', 'Mark', 'Martin', 'gschmitt@santana-shaw.org', '5f9b43d73d6b7489fdfa184b6be1eb894527c463a7cd4218653740ec21d50b28', '916.348.9676x99300', 'host');
INSERT INTO users (user_id, first_name, last_name, email, password_hash, phone_number, role) VALUES ('00b00095-9c2c-4bbd-b457-f346c8a14b6b', 'Joy', 'Turner', 'cameron44@yahoo.com', '19c8cfbfba4447e125dd1371a44633a767758df796fb6b25a58d4f56f7030542', '(022)345-0076x2791', 'host');
INSERT INTO users (user_id, first_name, last_name, email, password_hash, phone_number, role) VALUES ('707ea02a-b2a4-4b05-bfb7-92174996c4cf', 'Emily', 'Hernandez', 'djohnson@yahoo.com', '295be2b4bbd092221c31ec1393630536c2015c48f9d292b8c52ef34e2249e86d', '720-099-2518', 'guest');
INSERT INTO users (user_id, first_name, last_name, email, password_hash, phone_number, role) VALUES ('2d683bb9-9f05-45cf-a626-57797879d139', 'Deborah', 'Lee', 'ibarrachelsea@yahoo.com', '6f6d00ddc485eb9a9263c1994e4f70d65779fbb290433724e4f1ad9578fa001c', '194-264-1830x67537', 'host');
INSERT INTO users (user_id, first_name, last_name, email, password_hash, phone_number, role) VALUES ('34f899da-fe49-4033-8bf9-eea0f9453430', 'Michael', 'Chen', 'tuckerrachel@estrada.com', '4432e5b436a63ff1b75dea61fdba3a7504bdf41e62c718f292e5baa898be0721', '+1-886-841-2696x1161', 'host');
INSERT INTO users (user_id, first_name, last_name, email, password_hash, phone_number, role) VALUES ('d0dec499-8814-4c7f-823d-e7a29c743794', 'Cory', 'Ayala', 'ajordan@crawford.com', '479205d79d0e66f4a4a8b2495f1f9676c712d2a0dad95a340f34527f3eb4e165', '150-552-0351', 'host');
INSERT INTO users (user_id, first_name, last_name, email, password_hash, phone_number, role) VALUES ('f02045b1-adba-4dab-8a76-ac8be542f533', 'Candace', 'Thomas', 'donnadennis@adkins.com', '16d7fd6db86d7a052e900bba191232745679191c61ae849c9c0c379df4bc2c4e', '+1-322-717-5420x355', 'guest');
INSERT INTO users (user_id, first_name, last_name, email, password_hash, phone_number, role) VALUES ('35e7672a-ce30-4644-bf4c-fc7c81ff654d', 'Thomas', 'Carter', 'brittanymiller@hotmail.com', '6766381b02d3ca1cb69161755b081edae796e7baf809ad18862203904a860865', '(622)358-3324', 'host');
INSERT INTO users (user_id, first_name, last_name, email, password_hash, phone_number, role) VALUES ('df1d4e47-004f-445e-926c-372569c68209', 'Nathan', 'Alvarado', 'longjacqueline@fisher.biz', '17fc1533cb2a1d6223573a478b63e86bfb7810face0f27d9f16dd066fa3505fa', '(964)513-7580', 'host');
INSERT INTO users (user_id, first_name, last_name, email, password_hash, phone_number, role) VALUES ('45a81dcd-08c8-415b-96f3-cbdbacebc761', 'Nicholas', 'Smith', 'sharris@yahoo.com', '7376e8a963af23da9e7020aa7766627320b9ea3606b0bec9dbfe162ca3fdfe06', '(141)892-7626', 'host');
INSERT INTO users (user_id, first_name, last_name, email, password_hash, phone_number, role) VALUES ('08b94e23-2ea9-4348-b1dd-86e38cbe918c', 'Ryan', 'Wright', 'sharon25@yahoo.com', '09c3c8f7583473849003f8c0320b645a2ca7c0cc1b1e02fe17703f235d4ae2f2', '734-079-7034', 'guest');
INSERT INTO users (user_id, first_name, last_name, email, password_hash, phone_number, role) VALUES ('9076c1c1-e0a6-46f3-b99c-c2b0b6154500', 'Danny', 'Irwin', 'rogerpotter@gmail.com', '0ebd7257edb05d38d1fd01115684f549adcf9cfb24ae27ae2a74873d7d026cf2', '001-386-401-4004x68', 'guest');
INSERT INTO users (user_id, first_name, last_name, email, password_hash, phone_number, role) VALUES ('e2bcef7e-08a8-4135-a821-3a489ebb7256', 'Curtis', 'King', 'caitlinjohnson@yahoo.com', '2dfd9d37dfaf2dced79642676ab5b41196f97e8229edccf5736e6b25e49c9db5', '183-216-4482x98381', 'guest');
INSERT INTO users (user_id, first_name, last_name, email, password_hash, phone_number, role) VALUES ('66d9f7fc-c840-40ad-ab88-3459c406126a', 'Robert', 'Walters', 'kelly59@hotmail.com', 'e9d4e08b9de68f3899c173f57e82fb067cf4474b3184b6f1620d567f6e9c2cb9', '166-972-8457', 'host');
INSERT INTO users (user_id, first_name, last_name, email, password_hash, phone_number, role) VALUES ('64f91967-5341-4d98-8494-48ab9d414eab', 'Julia', 'Robinson', 'trevor07@yahoo.com', 'b90c714c3ec3a17f1f01630ad3bc70dcd6bdb6b9d8359fafc5b3cccd941a5b2b', '093.057.6081x1605', 'guest');
INSERT INTO users (user_id, first_name, last_name, email, password_hash, phone_number, role) VALUES ('49116898-8839-4262-aa1b-b35270d0347b', 'Blake', 'Oliver', 'jessica32@hotmail.com', '58a6b746bac6c681c94a1befe9446d84812284e623efbf3da51104ee35cb3486', '675-625-6627', 'host');
INSERT INTO users (user_id, first_name, last_name, email, password_hash, phone_number, role) VALUES ('e283a40d-72a3-4171-9da8-a6b5b7eeb8ae', 'Sarah', 'Hernandez', 'jasonlopez@yahoo.com', '5dbe9f6d6a5d35ea515069255c36f789322734458f8ea4d79d61d61ffa333d58', '(676)337-3906x0312', 'host');
INSERT INTO users (user_id, first_name, last_name, email, password_hash, phone_number, role) VALUES ('722fc31a-c86a-490f-a98a-6926c288215f', 'Michael', 'Paul', 'cherylsalazar@melton.com', '6a466a9cb31ab206ff6f6b7c146b5908399fdda620f24f94f5d5ebb9f2458560', '8869774735', 'guest');
INSERT INTO users (user_id, first_name, last_name, email, password_hash, phone_number, role) VALUES ('8eeb37d4-e930-40a4-b7db-cb0a7b87200f', 'Joseph', 'Williams', 'adam02@buchanan.com', '667eacfdb8b1c9f544536c771803e0884b4d25e1e2430275ce80ef8a0392dfd4', '(837)359-1915x5875', 'host');
INSERT INTO users (user_id, first_name, last_name, email, password_hash, phone_number, role) VALUES ('4fd503a6-4175-4a37-9325-f819979a5886', 'Jonathan', 'Boyd', 'christopher85@hood.com', '05ce636750fa276cad20229df0a0accef5a6be8222845801bbfc09f518b8e10a', '(475)304-8107x7706', 'guest');
INSERT INTO users (user_id, first_name, last_name, email, password_hash, phone_number, role) VALUES ('1514d02b-5618-4c1c-ad0d-c03e0db67a58', 'Tiffany', 'Stevens', 'millercorey@gutierrez.info', 'e0d76f750a9010ec7c6f25a289742cd58000b79edf36861acf176822fe5868bb', '(860)237-3245x56184', 'guest');
INSERT INTO users (user_id, first_name, last_name, email, password_hash, phone_number, role) VALUES ('089a13a6-bb0e-4f3c-91b2-b05c610a6c0d', 'Chelsea', 'Mccormick', 'dpalmer@hotmail.com', 'f71246c87947fee98ceb59860cb24eb5d9edc09d4757c119296a23bf80f0b93d', '301-912-6334x088', 'guest');
INSERT INTO users (user_id, first_name, last_name, email, password_hash, phone_number, role) VALUES ('60dc1eb4-4d6f-482b-afd0-53645514dd88', 'Ronnie', 'Williams', 'david95@gmail.com', 'df8dba5e5ccfe30f94f7d6442c4294ea3283fba72888b25cca429ae3d01658ab', '001-843-318-4535x749', 'guest');
INSERT INTO users (user_id, first_name, last_name, email, password_hash, phone_number, role) VALUES ('e822f4ac-6477-434c-aed8-3043dbc55f94', 'George', 'Pacheco', 'brenda02@yahoo.com', 'b300e64fd1b8f483eacc0ab35fb0ee86b263617aef6f5ba94ec022f0768f09e1', '(812)379-3323', 'guest');
INSERT INTO users (user_id, first_name, last_name, email, password_hash, phone_number, role) VALUES ('c9468b51-8a55-406c-9914-cf47cfb4446c', 'Kathleen', 'Gomez', 'glester@flowers.info', '5b28235ac27c185e8ab1046128da6c0a26d101a31405aba3a9c0daf76e609c8e', '827.785.1429', 'host');
INSERT INTO users (user_id, first_name, last_name, email, password_hash, phone_number, role) VALUES ('978c4e9c-0203-46c2-ac0c-cc10b13903cf', 'Richard', 'Lee', 'patrick03@gmail.com', '2307bad77e739a2a10d3d10d5df6db0188b5addfb58fc0cde12f35144cb4ccee', '001-357-345-9802', 'guest');
INSERT INTO users (user_id, first_name, last_name, email, password_hash, phone_number, role) VALUES ('bfa15966-1c58-42e0-85c1-63f03f4fb627', 'Michael', 'Henry', 'allenalexander@murphy.biz', 'c0efa7683ffe2b8ddd842dce9e9d004671e42473fb8cb0a3cf89a82765e783c6', '762.542.5660', 'guest');
INSERT INTO users (user_id, first_name, last_name, email, password_hash, phone_number, role) VALUES ('c5f2d84a-477e-4f20-ba89-bb038883a779', 'Robert', 'Baker', 'cunninghamdavid@yahoo.com', '5ba6055f7e8d74a5bf4a925f214d46c4b4a74a61b88400956d5edf3e6572f570', '298.215.3230x28216', 'host');
INSERT INTO users (user_id, first_name, last_name, email, password_hash, phone_number, role) VALUES ('17402f4e-dd03-481a-8d66-30a6eb4fed2b', 'Sara', 'Harper', 'christinawilliams@yahoo.com', '8f3e97f43e3682835cd530c4e5cdac41711c5406f75dda98d4acf16c479b8dd7', '001-600-715-8526', 'host');
INSERT INTO users (user_id, first_name, last_name, email, password_hash, phone_number, role) VALUES ('67ab4a51-8721-4344-b287-6fb3d5d11fa2', 'Matthew', 'Pratt', 'collinsrachel@hotmail.com', 'eb03b594b30235a651a5f8084e140b3ebf260195c4d2a468ef0299512f2d182c', '8984076165', 'guest');
INSERT INTO users (user_id, first_name, last_name, email, password_hash, phone_number, role) VALUES ('a501347f-44b4-4353-89b1-b1f6150a121d', 'Tyler', 'Smith', 'erin94@gill.biz', '4a7343f97506295865eeb1ac88bd2b17a90ef4b69954fb3d7e9ca19b61bdfd59', '319-539-8522x509', 'host');
INSERT INTO users (user_id, first_name, last_name, email, password_hash, phone_number, role) VALUES ('68e17782-fe23-48d6-a2c0-b6613e253168', 'Lisa', 'Cunningham', 'kelly45@yahoo.com', 'd7452463224250a5a1f39e161ba143fe7ab2300fa3097eb248725543f786c8e2', '+1-620-290-7250x749', 'host');
INSERT INTO users (user_id, first_name, last_name, email, password_hash, phone_number, role) VALUES ('58849716-4ecd-495f-84e3-c7c7f1833d01', 'Jacob', 'Dunn', 'stephanie28@gmail.com', '55d2545cf193c654d2033bc2d0dd322f8349222c485926ab893ea500443a1d5c', '+1-291-889-6644x4064', 'guest');
INSERT INTO users (user_id, first_name, last_name, email, password_hash, phone_number, role) VALUES ('2d91befd-de61-490f-965e-a627ec40d29c', 'Sophia', 'Medina', 'james62@gmail.com', '6fd0ad465fcc95f63eefc47656150e62fec1656b973aaf5874123bf8e51601c8', '(965)708-6930', 'host');
INSERT INTO users (user_id, first_name, last_name, email, password_hash, phone_number, role) VALUES ('0726bfa6-4eb7-4a74-8d4b-4c1007fc9c79', 'Michael', 'Jarvis', 'crystalburton@smith-moss.org', '2028396979da75aea2b035f8e698c2b22dfc6bf55d95682ba3250167e6ac85a3', '261-973-7813x271', 'guest');
INSERT INTO users (user_id, first_name, last_name, email, password_hash, phone_number, role) VALUES ('6305f469-7c1e-446f-8a14-4d82e8973cdf', 'Sarah', 'Walters', 'samuel59@yahoo.com', 'fe96870bc0c87c0e5b96728ba883a2cb952e0f2217810ac0a467317ab16180c5', '7043666609', 'host');
INSERT INTO users (user_id, first_name, last_name, email, password_hash, phone_number, role) VALUES ('c35146a6-0b78-4176-b7f3-5c2f73dfb5b9', 'Steven', 'Gallegos', 'mark06@mccall-taylor.com', 'c658457f61e624499f79308f0926c39493e73edeecf4b603c6f3b27da304bc70', '(501)318-7050x562', 'host');
INSERT INTO users (user_id, first_name, last_name, email, password_hash, phone_number, role) VALUES ('71009437-2a60-4002-babd-c271c40e538b', 'Tracey', 'Hubbard', 'mlambert@gmail.com', 'bb04ebd482ff6c5f4e7449071c86a842d32f67a3c43721a837b8b2c23f651b3f', '802-227-0808x6259', 'guest');
INSERT INTO users (user_id, first_name, last_name, email, password_hash, phone_number, role) VALUES ('79128899-8efc-413a-8165-4d854bc35373', 'Lisa', 'Miller', 'james45@erickson.info', '75e73d4335e378f95ef4694b40b00c7a40959a3e3fc798c919525782dd3b9fc8', '(782)092-8051', 'host');
INSERT INTO users (user_id, first_name, last_name, email, password_hash, phone_number, role) VALUES ('65325753-9ef6-413c-8a89-383b8b07942b', 'James', 'Gibbs', 'tboyd@durham-taylor.net', '5ed0e6c6e04f6f4c328a3328eee79d6e7229b40e809122261ea5cd24e50c6f02', '850-116-9597', 'host');
INSERT INTO users (user_id, first_name, last_name, email, password_hash, phone_number, role) VALUES ('80e72ecb-73a4-4c55-bcba-49377aae5b75', 'Matthew', 'Gray', 'taylorsara@gmail.com', 'de2766f7c6c0dd0761843c3fadfcbcd0085a1dfd8bb98a90865993c44ec4e00e', '5930604609', 'guest');
INSERT INTO users (user_id, first_name, last_name, email, password_hash, phone_number, role) VALUES ('88805c20-8f41-452c-b9da-fce1a132957c', 'Katrina', 'Dawson', 'russellscott@hotmail.com', 'e3665924ba990286f5474dd4150c4a964abeab88f9e9202aabff6948814ed818', '001-449-762-61511', 'host');
INSERT INTO users (user_id, first_name, last_name, email, password_hash, phone_number, role) VALUES ('03843dc8-fe5d-4a72-9343-118771047b2b', 'Anthony', 'Smith', 'morriskrystal@hotmail.com', '7fe77dc27b657e6f7107854c2fa688b4c71ab7e72a041b8b726a93c276deb190', '710.864.0811x5517', 'guest');
INSERT INTO users (user_id, first_name, last_name, email, password_hash, phone_number, role) VALUES ('f1a1c653-71ba-480e-b029-59841791267c', 'Tammy', 'Moore', 'smithmatthew@hotmail.com', 'de43498f483f64693063c97773d6b7491325cb608232cbe94ce83aac38d1c217', '(223)950-7603', 'guest');
INSERT INTO users (user_id, first_name, last_name, email, password_hash, phone_number, role) VALUES ('ec72412d-9981-4bc1-896b-c05e2b2a8597', 'John', 'Campbell', 'michaelmartin@ford-walter.com', 'd3f851f29656e545c4c014f650f30b35e84d0fe6607ca399584f84d49f16d410', '001-029-062-80001', 'guest');
INSERT INTO users (user_id, first_name, last_name, email, password_hash, phone_number, role) VALUES ('69fc3a4b-dd6f-43dc-879f-6a4f4fd5db18', 'Ashley', 'Hernandez', 'afrench@bradley-parks.com', 'a5ab6006ad5b92333d3e22ecc30d9f542fdd6f628403883474b008676e98348e', '(838)612-6951x663', 'guest');
INSERT INTO users (user_id, first_name, last_name, email, password_hash, phone_number, role) VALUES ('617946eb-b9b6-4e96-8ec5-8c0b2f558ea7', 'Thomas', 'Walker', 'deannasanders@hotmail.com', '07b8f8a92f1d54f566ddf02524212958d35e64fd55968d4018e8bc368a8f1629', '485-809-9734x095', 'host');
INSERT INTO users (user_id, first_name, last_name, email, password_hash, phone_number, role) VALUES ('0d29a2d0-532a-4d62-947f-a6ddc50044be', 'Michelle', 'Myers', 'thomasphilip@simon-bray.biz', 'a6d2f82548bf83e2cc5b3628ca30bd7b9835bfdb55a5e5fc344dbce5dc4fd40e', '001-797-225-481', 'host');
INSERT INTO users (user_id, first_name, last_name, email, password_hash, phone_number, role) VALUES ('2bde3efe-3fff-4287-8a5a-7ae21ac717db', 'Sarah', 'Reed', 'wmccoy@gmail.com', 'df02636da1498f8717f43d2cd0c3e9ceac0e6d4554ede645aceb82a7812396bf', '295-460-4860x646', 'guest');
INSERT INTO users (user_id, first_name, last_name, email, password_hash, phone_number, role) VALUES ('fdd50082-30de-4b11-9241-068a791f8b41', 'Jessica', 'Reed', 'austingabriel@ray-ford.com', 'eead734efd57134b46423ffee00e9ade93e6e9d987d4b27e3e060e424f146225', '+1-822-232-3082', 'guest');
INSERT INTO users (user_id, first_name, last_name, email, password_hash, phone_number, role) VALUES ('287c2a11-2a97-421e-96c0-afdbedd1c8e3', 'Lori', 'Kelly', 'gabrielle64@gmail.com', '0c491774994b9fa3dc7fd4daa62d5cd85888b02ef44869fba92b704052e55dea', '582.684.3656x78466', 'guest');
INSERT INTO users (user_id, first_name, last_name, email, password_hash, phone_number, role) VALUES ('c2af9b13-94fd-47f9-b66b-a734f2b73958', 'Lisa', 'Vega', 'adamlarson@pollard.com', '41c3c628bb27a2aa73ebd36dd2c6846143c43fe9816023c9930ffdbe85b9aa7f', '+1-814-926-1001x575', 'guest');
INSERT INTO users (user_id, first_name, last_name, email, password_hash, phone_number, role) VALUES ('ad37bf0f-b796-48e8-a7e0-ae8b708dc959', 'Daniel', 'Chavez', 'oburnett@gmail.com', 'cf659ed692a6acdaa81fb7ec7551b3573222ee1a61f2474d44e557bba93679f7', '820-286-9376', 'guest');
INSERT INTO users (user_id, first_name, last_name, email, password_hash, phone_number, role) VALUES ('ded60dc3-86e9-4ddb-afc1-33253937cab9', 'Joseph', 'Matthews', 'nicolecunningham@yahoo.com', '45a6655da7479dad71766e03a006171f1268ba498e4fd54a4b7210657bc47889', '965-387-0791', 'guest');
INSERT INTO users (user_id, first_name, last_name, email, password_hash, phone_number, role) VALUES ('d9614974-9f2f-45a3-bf05-255068148acc', 'Joseph', 'Romero', 'obaker@hotmail.com', '7d1b20b6ac94d7c8194193bf388e6a59a4c19e49f8554a0af02e26a8818f427a', '927-117-6968x1473', 'host');
INSERT INTO users (user_id, first_name, last_name, email, password_hash, phone_number, role) VALUES ('8bdd54d7-3915-4ce3-9d79-59eae108886a', 'Lisa', 'Phillips', 'taylormichelle@hotmail.com', '1b486628142bd03feb40961221f59e185fa86bb10f8ff6560b282ca71d318808', '+1-300-689-7178', 'host');
INSERT INTO users (user_id, first_name, last_name, email, password_hash, phone_number, role) VALUES ('4850ef66-318b-4533-982f-a81a384e920d', 'Michael', 'Deleon', 'allentyler@hill-smith.com', 'a2893956816f3f0029e04ca23e38fb0e2cf59cd8485ff131d83227ec4e1f86de', '511.496.3562x34375', 'guest');
INSERT INTO users (user_id, first_name, last_name, email, password_hash, phone_number, role) VALUES ('190ea845-89d5-40ea-a300-3f01b3baff19', 'Justin', 'Salazar', 'ekelly@douglas.com', '87f74add7b5038c744b56bc5b0e3ef407747addaba3361ae3cbb5036c160a047', '(641)741-7253x257', 'guest');
INSERT INTO users (user_id, first_name, last_name, email, password_hash, phone_number, role) VALUES ('b6e4359f-cb45-42bb-b8af-2a38dcbfbb1f', 'Jeremy', 'Becker', 'kpalmer@hotmail.com', '723192c1d56e4f53e0770aaabfe49a17f179a26be98a81495aeb218f57782562', '(847)358-0175x6360', 'host');
INSERT INTO users (user_id, first_name, last_name, email, password_hash, phone_number, role) VALUES ('d06c973a-3b01-4992-a2ed-21dff6cf16e1', 'Barbara', 'Williams', 'james52@white.com', '13f97b8e4dafdbf4bdd056b943c855307df5c9969650f0a72d07aae0883fa86d', '0680219931', 'host');
INSERT INTO users (user_id, first_name, last_name, email, password_hash, phone_number, role) VALUES ('ad287012-3970-40e5-98f2-ba7ab6d505b5', 'Joyce', 'Gonzalez', 'ljones@perez.biz', 'b9b7fa60a66bcb7240d51cd7f0cc7ae9294aaab50da781d8fed532cb64030c4e', '6360940955', 'host');
INSERT INTO users (user_id, first_name, last_name, email, password_hash, phone_number, role) VALUES ('36626c34-d394-4e92-8999-ade7a9ca27b5', 'Margaret', 'Byrd', 'kingdakota@nelson.com', '66510bba730705d718ff8d4cdebf33ce0021568c561c26321cda978718e71a81', '+1-263-953-81718', 'host');
INSERT INTO users (user_id, first_name, last_name, email, password_hash, phone_number, role) VALUES ('00e6fa3f-306c-4fcd-b874-63d49f6e619c', 'Patricia', 'Harrison', 'david46@gmail.com', 'ae5328a0578544b125057f3c5f4a4ee031597c6d3430492f0fd35240af7de0b8', '373-576-0708x67363', 'host');
INSERT INTO users (user_id, first_name, last_name, email, password_hash, phone_number, role) VALUES ('88b63a94-195d-4b16-9734-4ca9a1526081', 'Jon', 'Alvarez', 'pcampbell@greene-noble.net', '9fcf65f96d8821d6c546fbef83f149e24a3a2471204b4c317b0c8f19e0ef855e', '481.025.0592', 'guest');
INSERT INTO users (user_id, first_name, last_name, email, password_hash, phone_number, role) VALUES ('d54113e0-3344-403b-993f-bcc25e320ab4', 'Katie', 'Mcdonald', 'kcrawford@williams-vaughan.com', '4135b1d86cd6d00755860fdbd2fb56c8602bb6052a4065dd0be91b8157f6da99', '+1-835-288-97939', 'host');
INSERT INTO users (user_id, first_name, last_name, email, password_hash, phone_number, role) VALUES ('eedb850e-492a-46ec-8946-2ef8bdd92107', 'Scott', 'Sanchez', 'aaronbrown@gmail.com', '03f9334dc5f1ac6594b75e9535fd5cf19e87cda230de1f9f4b90b8f40a56c889', '+1-931-864-58576', 'guest');
INSERT INTO users (user_id, first_name, last_name, email, password_hash, phone_number, role) VALUES ('9854c17d-634d-4e72-ac4e-8299c7b12a13', 'Scott', 'Alvarado', 'thomaskaren@gmail.com', '9b3de6d179c69a10001419aab7a06bc5229227e42b6d096ddfc6d1995f48aadb', '(783)500-6316x9968', 'host');
INSERT INTO users (user_id, first_name, last_name, email, password_hash, phone_number, role) VALUES ('9a3670fb-e044-49e8-8f24-7f278e524d90', 'Jason', 'Smith', 'iparker@jones.com', '2989399ab5d687b63aeb110220e983c90ad0fd1ad9abed47025eaad6143e57b3', '+1-541-039-0985x274', 'host');
INSERT INTO users (user_id, first_name, last_name, email, password_hash, phone_number, role) VALUES ('b4dad950-6958-4005-9373-34a8b360d19a', 'Daniel', 'West', 'gcruz@perez-lawrence.com', '9f3b573d4085f4f048c33c69f6d21916c68f866a27a8b8fcd9cbcc44f543b70e', '997-187-6560x16922', 'guest');
INSERT INTO users (user_id, first_name, last_name, email, password_hash, phone_number, role) VALUES ('5096f550-2edf-44f1-8679-638fba61b32f', 'Nicole', 'Wilson', 'anthonynelson@yahoo.com', '0fb32a64e25f792fc646bd0757ada778e042fb290d57cdebdd9e024dd6fc516c', '593-880-5880x2704', 'guest');
INSERT INTO users (user_id, first_name, last_name, email, password_hash, phone_number, role) VALUES ('67cc975c-0cfe-4bba-9791-5320d058a20f', 'Martin', 'Cooper', 'wmoses@king.net', 'ff210453d63bb6aa9e78b1bb78a23db7632602688e19a098abe070051eb749f0', '001-270-835-1832', 'guest');
INSERT INTO users (user_id, first_name, last_name, email, password_hash, phone_number, role) VALUES ('36ddadd8-b50a-4e20-91d1-9ea680d31f8f', 'Heather', 'Hayden', 'chelseamcgee@yahoo.com', '3e50658e5953ee7930c75fceca9ac2e02944be2324122d2dce72c96eea60150a', '001-583-375-1545', 'host');
INSERT INTO users (user_id, first_name, last_name, email, password_hash, phone_number, role) VALUES ('e9cf0faa-fba8-484c-a65f-b0b5730bdd73', 'Austin', 'Carr', 'jacksonjoshua@gmail.com', '51334d6eb712fe68de30d7d9ef2ce8d82bc2759df86cd2fb1be77f7d07b5652d', '(716)886-1197x524', 'guest');
INSERT INTO users (user_id, first_name, last_name, email, password_hash, phone_number, role) VALUES ('2634a7bf-b039-4ef6-875f-ad379eb0633f', 'John', 'Kim', 'johnsonalan@yahoo.com', 'c83aebdec77b1e3fb8e68f5c44b0d4407a82fe6f63c7e89c36a01f0e84a205ef', '+1-558-403-06649', 'guest');
INSERT INTO users (user_id, first_name, last_name, email, password_hash, phone_number, role) VALUES ('02205138-ed37-492e-bd63-8260ba0bc5ce', 'Jeremiah', 'Tapia', 'berickson@yahoo.com', 'ffa0d687cc0d29adf43b547c8216606cb04876e835d92b53d4fd1d6cf1c93f4b', '3760314122', 'host');
INSERT INTO users (user_id, first_name, last_name, email, password_hash, phone_number, role) VALUES ('0e8d3960-575c-4b9b-bf51-6e20e8a1854f', 'Susan', 'Smith', 'pmartinez@yahoo.com', '2c65b6a92caed3412690bbd14402fa61ae369ea30cc10e0a1c1b747974507415', '(670)285-3323x4228', 'guest');
INSERT INTO users (user_id, first_name, last_name, email, password_hash, phone_number, role) VALUES ('dd89ab30-9283-43e1-9032-32b18d7776c2', 'Tonya', 'Stephens', 'michellebowen@acevedo.org', '7b81aafaf04655c7abbd4b1f9bd337dfd78f6a862f90d2f98ede4a5069fd563e', '001-384-073-8636', 'host');
INSERT INTO users (user_id, first_name, last_name, email, password_hash, phone_number, role) VALUES ('f541d29f-d82a-4486-8c3b-c0b681dcd886', 'Amanda', 'Snyder', 'patelrachel@smith.com', '2ac1450c6740b135c5d83c415d09bdcef59a99ea0f3f7af486167fba5b80a3d7', '465.641.2933x008', 'host');
INSERT INTO users (user_id, first_name, last_name, email, password_hash, phone_number, role) VALUES ('29e15380-b4f0-4fe7-a4b6-96f79648d3f1', 'Lisa', 'Steele', 'wmckinney@taylor.com', '4ec12ea8d353a214b14239a7e96d58029391cc9ea57086e4176131a44e5509aa', '(554)842-0739x657', 'guest');
INSERT INTO users (user_id, first_name, last_name, email, password_hash, phone_number, role) VALUES ('f54b4d98-e9ff-448d-aa8b-132bf0b215d8', 'Kevin', 'Taylor', 'michael96@yahoo.com', 'd25e69bee2e131336f291282175dce515171bf139c78e94caa5b4c50e53be37e', '001-849-336-3482x829', 'guest');
INSERT INTO users (user_id, first_name, last_name, email, password_hash, phone_number, role) VALUES ('c18bc92a-2d9e-42e7-8be1-36d568f8e1cd', 'Zachary', 'Mccullough', 'jonathon47@hotmail.com', '77eb14a984be668fe6cccc76aed3ba28559dbfdde3d63afdc0e12b9339549419', '001-347-103-3292', 'guest');
INSERT INTO location (location_id, city, state, country) VALUES ('c0753d67-be2b-462c-8456-cafaae6af0d7', 'Chelseaview', 'TX', 'Palestinian Territory');
INSERT INTO location (location_id, city, state, country) VALUES ('41a5122b-9d97-4dbf-8496-7c3d4199d17a', 'North Cathyburgh', 'ME', 'Swaziland');
INSERT INTO location (location_id, city, state, country) VALUES ('d509a31a-8b98-406a-9720-46a9f508d0a0', 'South Madeline', 'MN', 'Togo');
INSERT INTO location (location_id, city, state, country) VALUES ('ca5673e3-1d54-43b3-8a78-b0b1ae36b3eb', 'Christopherchester', 'DE', 'Reunion');
INSERT INTO location (location_id, city, state, country) VALUES ('3973fc48-f84d-4b03-9982-176c01c22691', 'Port Geraldside', 'MI', 'Saint Vincent and the Grenadines');
INSERT INTO location (location_id, city, state, country) VALUES ('7322e6be-2937-46c0-b939-ee9a62a1d774', 'Port Samantha', 'MD', 'Colombia');
INSERT INTO location (location_id, city, state, country) VALUES ('c9aee78f-c634-4841-889e-ba357303dc1b', 'South Dominique', 'OR', 'Macedonia');
INSERT INTO location (location_id, city, state, country) VALUES ('c5e049eb-0751-4768-848d-c148556bc6bc', 'Willisbury', 'AL', 'Austria');
INSERT INTO location (location_id, city, state, country) VALUES ('d19ae98d-6448-488a-b5d2-129731d85eea', 'Merrittton', 'SD', 'Oman');
INSERT INTO location (location_id, city, state, country) VALUES ('25215cc9-c274-49ad-95fc-2960c55c6818', 'New Christopher', 'MA', 'Norfolk Island');
INSERT INTO location (location_id, city, state, country) VALUES ('c65ca06d-23d0-4df4-8c86-db053f7de12a', 'Lake Bryan', 'MD', 'Palestinian Territory');
INSERT INTO location (location_id, city, state, country) VALUES ('4390c35a-f106-4c1b-9954-2d96ecc2ed16', 'Toddfort', 'MA', 'Faroe Islands');
INSERT INTO location (location_id, city, state, country) VALUES ('926d0072-f9c7-450a-b1c2-d33b01de70cf', 'South Lindaburgh', 'CT', 'Malawi');
INSERT INTO location (location_id, city, state, country) VALUES ('1132a77a-e42f-4376-89b0-a6a1c7d0030c', 'Angelicafurt', 'NV', 'Italy');
INSERT INTO location (location_id, city, state, country) VALUES ('70fefbf7-a457-44e5-a867-aec66a4d4962', 'New Sandra', 'DC', 'Poland');
INSERT INTO location (location_id, city, state, country) VALUES ('040df0cb-192e-4a76-9bf4-28c88e6b5c99', 'New Kiaraburgh', 'NJ', 'French Polynesia');
INSERT INTO location (location_id, city, state, country) VALUES ('662a91f5-d7c0-4c75-8ca2-f36c7b530b9d', 'Lake Kathyview', 'WY', 'Bouvet Island (Bouvetoya)');
INSERT INTO location (location_id, city, state, country) VALUES ('a4eba067-1779-48d5-b9ff-49dc68a723e3', 'Williamside', 'CA', 'Algeria');
INSERT INTO location (location_id, city, state, country) VALUES ('a0a1bca3-9a3e-44f7-8241-4488d108fb40', 'New Alexisberg', 'DE', 'Ireland');
INSERT INTO location (location_id, city, state, country) VALUES ('5b898b33-0fb4-4cc8-8ca0-0cbc29e2b074', 'Bowersfort', 'AK', 'Germany');
INSERT INTO property (property_id, host_id, location_id, name, description, price_per_night) VALUES ('0d48963e-9efd-47be-a165-911c5c69c870', '978c4e9c-0203-46c2-ac0c-cc10b13903cf', 'c5e049eb-0751-4768-848d-c148556bc6bc', 'Star be hot often.', 'Decide trip total. Out human night.', 70.36);
INSERT INTO property (property_id, host_id, location_id, name, description, price_per_night) VALUES ('af3e5983-a61d-446f-8d3d-8d2732f7ce17', '722fc31a-c86a-490f-a98a-6926c288215f', 'a4eba067-1779-48d5-b9ff-49dc68a723e3', 'Image throughout.', 'Sea knowledge my night. Popular open collection become. Explain education idea across player appear similar.', 320.98);
INSERT INTO property (property_id, host_id, location_id, name, description, price_per_night) VALUES ('ed342411-17d8-4e56-a16f-c06da17efaec', '031ff6b1-0e93-4a69-8e6b-5521661ee760', 'c0753d67-be2b-462c-8456-cafaae6af0d7', 'Then police.', 'Strategy medical voice boy. According star study form seem beat.', 106.00);
INSERT INTO property (property_id, host_id, location_id, name, description, price_per_night) VALUES ('13005b3c-6515-4a85-a713-2f59d451a167', 'e981845b-8b03-4efd-b2c4-56dd8bb167d7', '5b898b33-0fb4-4cc8-8ca0-0cbc29e2b074', 'Effect forward.', 'Movie base firm himself idea lose international. Trade century hundred themselves. Challenge audience choose himself north professional.', 423.54);
INSERT INTO property (property_id, host_id, location_id, name, description, price_per_night) VALUES ('2ecf0fa9-cbbe-4493-b1b2-413344751c4c', 'de73cfc3-9ab3-4f5b-bb93-9bdaa6830746', '926d0072-f9c7-450a-b1c2-d33b01de70cf', 'Environment few voice.', 'Option five prove performance mention discussion. Also himself with garden mention economic baby. Happy short during agency.', 91.19);
INSERT INTO property (property_id, host_id, location_id, name, description, price_per_night) VALUES ('e4efd2ca-6adf-4a49-90ad-d2d6ec87b0c7', 'de73cfc3-9ab3-4f5b-bb93-9bdaa6830746', '41a5122b-9d97-4dbf-8496-7c3d4199d17a', 'Born American grow.', 'Game magazine series think. Ability possible door pressure sea thought. Two seven lose probably.', 322.48);
INSERT INTO property (property_id, host_id, location_id, name, description, price_per_night) VALUES ('66e815f6-56a4-4b5f-8479-e6c40794a5b2', 'e981845b-8b03-4efd-b2c4-56dd8bb167d7', '7322e6be-2937-46c0-b939-ee9a62a1d774', 'Strategy receive.', 'Defense agree lawyer perhaps stay provide particularly. Official within nothing tend pick mention. Down herself drive effort drop onto. Walk draw front plan focus century.', 373.15);
INSERT INTO property (property_id, host_id, location_id, name, description, price_per_night) VALUES ('f4dc19ce-d53c-42dc-af09-98b3124359ef', '9076c1c1-e0a6-46f3-b99c-c2b0b6154500', 'c9aee78f-c634-4841-889e-ba357303dc1b', 'Nearly movie.', 'Throw land daughter consider. Painting report become market decision hope. Dark such firm again court culture story. Learn economy explain main sport summer sea.', 377.22);
INSERT INTO property (property_id, host_id, location_id, name, description, price_per_night) VALUES ('f55d9c00-f7ad-4170-804b-27b3de3643bd', '995f6b2d-4b13-47aa-9aa1-b9e9db8c061c', 'c0753d67-be2b-462c-8456-cafaae6af0d7', 'Approach trip throughout.', 'Several past next final. Table loss detail put risk yet. Before wrong take old former run others believe.', 294.91);
INSERT INTO property (property_id, host_id, location_id, name, description, price_per_night) VALUES ('b4bc2fd5-a95f-4828-8b5d-529b03806c5b', '1514d02b-5618-4c1c-ad0d-c03e0db67a58', 'ca5673e3-1d54-43b3-8a78-b0b1ae36b3eb', 'Dog among believe.', 'Staff that report sign. Walk two most ten cup far training.', 426.16);
INSERT INTO property (property_id, host_id, location_id, name, description, price_per_night) VALUES ('49885af6-b29c-4fec-b0de-7125feb2c88d', '031ff6b1-0e93-4a69-8e6b-5521661ee760', 'c5e049eb-0751-4768-848d-c148556bc6bc', 'Week carry then election.', 'Same even bad together. Wind consider that admit Mrs look.', 82.39);
INSERT INTO property (property_id, host_id, location_id, name, description, price_per_night) VALUES ('2ed88f50-42da-409c-98f1-b29d66ef7949', 'ef5d1406-35b2-41a2-a6c3-b6a3f4ea25ef', '4390c35a-f106-4c1b-9954-2d96ecc2ed16', 'Sense scientist.', 'System term social say about century debate officer. Industry certainly Mrs.', 246.23);
INSERT INTO property (property_id, host_id, location_id, name, description, price_per_night) VALUES ('ca69b252-cffc-4194-8fa1-e347e35510e2', '995f6b2d-4b13-47aa-9aa1-b9e9db8c061c', '662a91f5-d7c0-4c75-8ca2-f36c7b530b9d', 'Five detail company.', 'Discuss power safe push country glass. Good open executive experience hotel. Heart west training believe.', 260.21);
INSERT INTO property (property_id, host_id, location_id, name, description, price_per_night) VALUES ('42ad9b4a-5d3b-45bc-aea5-51d19967cbfe', '4fd503a6-4175-4a37-9325-f819979a5886', 'ca5673e3-1d54-43b3-8a78-b0b1ae36b3eb', 'Resource truth.', 'Institution to movie seven. School enter wind heavy. General television save.', 364.70);
INSERT INTO property (property_id, host_id, location_id, name, description, price_per_night) VALUES ('6b798e7e-465c-4083-90b7-e7a41209b04d', 'f02045b1-adba-4dab-8a76-ac8be542f533', 'c9aee78f-c634-4841-889e-ba357303dc1b', 'Near sign Republican.', 'Prevent figure kitchen seven. Decision data wrong best I medical. See collection cut drive out image thought.', 167.06);
INSERT INTO property (property_id, host_id, location_id, name, description, price_per_night) VALUES ('14694226-8f2b-4578-bb14-06e28ac37e43', 'c5f2d84a-477e-4f20-ba89-bb038883a779', '040df0cb-192e-4a76-9bf4-28c88e6b5c99', 'Defense cup man.', 'Message page nearly mind. It house political energy song policy owner ahead.', 427.25);
INSERT INTO property (property_id, host_id, location_id, name, description, price_per_night) VALUES ('7007c91c-1d15-4264-9b4f-3a0d54bdf16a', '722fc31a-c86a-490f-a98a-6926c288215f', '7322e6be-2937-46c0-b939-ee9a62a1d774', 'Woman small reduce.', 'Key military deep according door.', 363.96);
INSERT INTO property (property_id, host_id, location_id, name, description, price_per_night) VALUES ('9d729eb3-233b-4fbb-a5ba-04dd3ef114bf', '5d7b7016-ca1a-4238-828d-2abb441800b9', '41a5122b-9d97-4dbf-8496-7c3d4199d17a', 'Before everybody power.', 'Scene view today father provide pass. Have perform because technology important they tax. Executive military plan school certainly meet floor.', 404.89);
INSERT INTO property (property_id, host_id, location_id, name, description, price_per_night) VALUES ('0b7b3e0a-87c3-4dbb-bcd8-4b633bdb3ff4', '7b302bcd-7450-4f04-9725-156938dfad50', '7322e6be-2937-46c0-b939-ee9a62a1d774', 'Growth specific.', 'Yes miss interest rise her. Central baby picture.', 204.04);
INSERT INTO property (property_id, host_id, location_id, name, description, price_per_night) VALUES ('3bc2c86f-3d35-47c9-ae5b-a82a2042aad6', 'f24fb5ea-1230-4a17-9168-b28a9217b622', 'ca5673e3-1d54-43b3-8a78-b0b1ae36b3eb', 'Money store.', 'Choice chance of enter deep walk. Kid support interest conference. Federal like be.', 318.56);
INSERT INTO property (property_id, host_id, location_id, name, description, price_per_night) VALUES ('efa49d1e-cf44-49dc-a9ca-7d60b8f47cfa', '45a81dcd-08c8-415b-96f3-cbdbacebc761', '7322e6be-2937-46c0-b939-ee9a62a1d774', 'Positive better management.', 'Air represent sound. Letter employee one reflect. Class personal quickly ok road military.', 55.94);
INSERT INTO property (property_id, host_id, location_id, name, description, price_per_night) VALUES ('7ad0fb3f-10b2-4e5d-a517-361501258c8b', 'c9468b51-8a55-406c-9914-cf47cfb4446c', '1132a77a-e42f-4376-89b0-a6a1c7d0030c', 'Practice physical actually.', 'Push the ten will summer specific option concern. Evidence especially life sister.', 455.04);
INSERT INTO property (property_id, host_id, location_id, name, description, price_per_night) VALUES ('2657e780-c775-45e6-b1ff-7ff896bf78c1', '66d9f7fc-c840-40ad-ab88-3459c406126a', '25215cc9-c274-49ad-95fc-2960c55c6818', 'Information among avoid still.', 'Get effect imagine town. Present defense become result easy. Defense floor themselves she inside mind without.', 342.02);
INSERT INTO property (property_id, host_id, location_id, name, description, price_per_night) VALUES ('d12e08df-d340-4f64-8ba2-dfd775fafc03', 'd0dec499-8814-4c7f-823d-e7a29c743794', 'd19ae98d-6448-488a-b5d2-129731d85eea', 'Resource pretty write.', 'Believe power especially song energy. Be certain ago whom language.', 119.04);
INSERT INTO property (property_id, host_id, location_id, name, description, price_per_night) VALUES ('476a5881-bbc2-445b-bb6d-82dd4f2a8422', '978c4e9c-0203-46c2-ac0c-cc10b13903cf', 'c0753d67-be2b-462c-8456-cafaae6af0d7', 'Since experience perform interest.', 'Season crime study environment style remain cup. Enter identify participant environmental them really debate. Remain team body all financial. Result court improve use while buy group return.', 256.08);
INSERT INTO property (property_id, host_id, location_id, name, description, price_per_night) VALUES ('a987601f-c434-4ad6-8f96-c73443ff7cb0', '960548e4-7684-42c9-a980-649a0d6a64d9', 'c65ca06d-23d0-4df4-8c86-db053f7de12a', 'Kid reach government.', 'Half black because song capital administration. Teach hit lose hotel result instead push. Over feeling money newspaper question.', 382.56);
INSERT INTO property (property_id, host_id, location_id, name, description, price_per_night) VALUES ('38939ca0-a2b7-4d37-b974-1716ff275525', '49116898-8839-4262-aa1b-b35270d0347b', 'd19ae98d-6448-488a-b5d2-129731d85eea', 'Charge.', 'Fund front suggest drug.', 110.68);
INSERT INTO property (property_id, host_id, location_id, name, description, price_per_night) VALUES ('fbab9311-1018-45a1-982e-ea801cbf7a4d', '67ab4a51-8721-4344-b287-6fb3d5d11fa2', '040df0cb-192e-4a76-9bf4-28c88e6b5c99', 'Leave national visit.', 'Billion blue right. Name may feeling begin name. Scientist early student range know.', 208.50);
INSERT INTO property (property_id, host_id, location_id, name, description, price_per_night) VALUES ('c4515828-770a-49c6-b245-2044b8a97d5d', 'cc9ef611-d9ad-47cd-ab47-3fdf2d2e591e', '4390c35a-f106-4c1b-9954-2d96ecc2ed16', 'Let toward.', 'Relate number night administration but finally. Shoulder decade rich director population measure student cost.', 315.62);
INSERT INTO property (property_id, host_id, location_id, name, description, price_per_night) VALUES ('a34f3cd2-0ec6-42a1-9db2-eb3d55f83501', '089a13a6-bb0e-4f3c-91b2-b05c610a6c0d', '5b898b33-0fb4-4cc8-8ca0-0cbc29e2b074', 'Perform.', 'Do get finish pick shake level season tough. Evening clearly these tonight food age. Perform walk expert easy word learn military.', 109.55);
INSERT INTO property (property_id, host_id, location_id, name, description, price_per_night) VALUES ('892149b6-b638-4b5d-b4f3-3f7490cce14a', 'ef5d1406-35b2-41a2-a6c3-b6a3f4ea25ef', '926d0072-f9c7-450a-b1c2-d33b01de70cf', 'Cup home.', 'Necessary allow including level well kid. Culture daughter make. Process rest really wait. Party debate into name response garden.', 386.82);
INSERT INTO property (property_id, host_id, location_id, name, description, price_per_night) VALUES ('cf3fa2fa-91b3-4cd3-ba98-efa9ff8b7ff6', '60dc1eb4-4d6f-482b-afd0-53645514dd88', 'd509a31a-8b98-406a-9720-46a9f508d0a0', 'Decade.', 'Story term show industry region. Ask although get poor herself. Executive will network physical play. Child push it why research wind yard.', 50.69);
INSERT INTO property (property_id, host_id, location_id, name, description, price_per_night) VALUES ('c04543b1-a271-4d9a-9fbb-966e2f6a9647', 'e981845b-8b03-4efd-b2c4-56dd8bb167d7', 'c65ca06d-23d0-4df4-8c86-db053f7de12a', 'Return few natural fight.', 'Get interesting when financial. Wrong discuss agency fund consumer. Theory simply concern page director writer act. Would truth join issue face key when.', 122.04);
INSERT INTO property (property_id, host_id, location_id, name, description, price_per_night) VALUES ('8e7d4082-c34a-4263-8661-1afb270030ae', 'cd288d3e-9beb-41a6-9aa4-669ff2b47f6b', '70fefbf7-a457-44e5-a867-aec66a4d4962', 'Collection.', 'Time blood bring spring. Safe figure hospital one environment. Attack she represent family us lawyer finally.', 220.39);
INSERT INTO property (property_id, host_id, location_id, name, description, price_per_night) VALUES ('fe17e0c8-4edb-4f2c-9d4f-c44307fdc81f', 'c9468b51-8a55-406c-9914-cf47cfb4446c', 'a0a1bca3-9a3e-44f7-8241-4488d108fb40', 'Help attention.', 'Some before according.', 443.54);
INSERT INTO property (property_id, host_id, location_id, name, description, price_per_night) VALUES ('e339e91c-e051-4701-a722-0c3cf29e0fa0', '89718559-f433-4e0f-9abb-646bed7c5eb2', '926d0072-f9c7-450a-b1c2-d33b01de70cf', 'Around almost.', 'Themselves test like ball.', 442.26);
INSERT INTO property (property_id, host_id, location_id, name, description, price_per_night) VALUES ('4cd62219-3a2b-4d3c-b34f-b7f775cc5a54', '722fc31a-c86a-490f-a98a-6926c288215f', '1132a77a-e42f-4376-89b0-a6a1c7d0030c', 'After score.', 'Baby assume since break. Various item boy response.', 397.48);
INSERT INTO property (property_id, host_id, location_id, name, description, price_per_night) VALUES ('670aad4c-5095-449d-b037-cb77e9c1d815', 'bfa15966-1c58-42e0-85c1-63f03f4fb627', '41a5122b-9d97-4dbf-8496-7c3d4199d17a', 'Would road collection.', 'Talk role instead candidate. Media along these easy role yes to more.', 124.55);
INSERT INTO property (property_id, host_id, location_id, name, description, price_per_night) VALUES ('5f0636b7-c9dc-4765-92d1-9dab6d0e5306', '031ff6b1-0e93-4a69-8e6b-5521661ee760', 'd19ae98d-6448-488a-b5d2-129731d85eea', 'No occur hotel.', 'Not before painting sure whom. Wall measure again ability election.', 365.68);
INSERT INTO property (property_id, host_id, location_id, name, description, price_per_night) VALUES ('5c37a916-28bc-49c2-b8a2-b83daf89cdee', '45a81dcd-08c8-415b-96f3-cbdbacebc761', '662a91f5-d7c0-4c75-8ca2-f36c7b530b9d', 'Present carry.', 'Same project every end catch American true. Spend food world believe soldier certain.', 448.23);
INSERT INTO property (property_id, host_id, location_id, name, description, price_per_night) VALUES ('baf0693b-4de2-4668-aeaf-d55adcc0aee6', 'e283a40d-72a3-4171-9da8-a6b5b7eeb8ae', '5b898b33-0fb4-4cc8-8ca0-0cbc29e2b074', 'Fly play.', 'Good human billion ever up. Newspaper allow forward hour whom inside. Sing city energy season environment. Yet possible account question.', 389.97);
INSERT INTO property (property_id, host_id, location_id, name, description, price_per_night) VALUES ('8994c724-9b37-41b8-a3d8-9a2519a54d2b', '89718559-f433-4e0f-9abb-646bed7c5eb2', '040df0cb-192e-4a76-9bf4-28c88e6b5c99', 'Pretty wish.', 'Hard week model box market. Particular available expect really amount accept sometimes.', 196.67);
INSERT INTO property (property_id, host_id, location_id, name, description, price_per_night) VALUES ('e520556b-09e4-4a3d-86de-f53586ab444f', '08b94e23-2ea9-4348-b1dd-86e38cbe918c', '41a5122b-9d97-4dbf-8496-7c3d4199d17a', 'Forget three.', 'Nature cup whom poor send through law national. Or which white get bring society industry.', 414.07);
INSERT INTO property (property_id, host_id, location_id, name, description, price_per_night) VALUES ('f60b5c79-44dc-42c5-9483-1ab57cdc958c', '35e7672a-ce30-4644-bf4c-fc7c81ff654d', 'c9aee78f-c634-4841-889e-ba357303dc1b', 'Look too.', 'Share address than could security including. Class quickly high know whether result. Education red citizen notice feeling. Better child computer either.', 296.85);
INSERT INTO property (property_id, host_id, location_id, name, description, price_per_night) VALUES ('341ac6b2-485e-4bed-9d1d-b300ccd6a34d', '089a13a6-bb0e-4f3c-91b2-b05c610a6c0d', 'd509a31a-8b98-406a-9720-46a9f508d0a0', 'Fly rock make.', 'Painting either return heart message. Visit message maybe instead room seven reveal.', 426.85);
INSERT INTO property (property_id, host_id, location_id, name, description, price_per_night) VALUES ('f2671656-e620-41bc-a75b-5fa08d3b4556', '2120dae7-c43d-43a0-8c40-71eeea74d0aa', 'c0753d67-be2b-462c-8456-cafaae6af0d7', 'Join.', 'Weight everything specific ahead. Way glass line knowledge season region. Official south senior parent decision involve despite.', 230.82);
INSERT INTO property (property_id, host_id, location_id, name, description, price_per_night) VALUES ('ef6b769e-6fb1-4188-b79d-5be50ef933aa', 'c9468b51-8a55-406c-9914-cf47cfb4446c', '1132a77a-e42f-4376-89b0-a6a1c7d0030c', 'Small law.', 'Firm key reason choice site suddenly man. Rich yeah simple guess member hour movement.', 192.28);
INSERT INTO property (property_id, host_id, location_id, name, description, price_per_night) VALUES ('da416912-5418-47a4-8d17-dcc7e54f1e13', '5d7b7016-ca1a-4238-828d-2abb441800b9', 'c0753d67-be2b-462c-8456-cafaae6af0d7', 'Benefit thus mean certainly.', 'Analysis majority back model cause. None none ball ground candidate life have. Billion beyond quality fill final oil.', 372.80);
INSERT INTO property (property_id, host_id, location_id, name, description, price_per_night) VALUES ('f88a674d-92c0-4495-abd9-e14177474bc2', 'a186f623-8e52-4c2e-834a-f300f7513bb1', '662a91f5-d7c0-4c75-8ca2-f36c7b530b9d', 'Side price.', 'Identify degree individual environment main protect. Certainly special seven physical court author. Let guy son last.', 325.43);
INSERT INTO property (property_id, host_id, location_id, name, description, price_per_night) VALUES ('b80cfb9f-1043-45fa-95c2-52174fbf673c', 'e981845b-8b03-4efd-b2c4-56dd8bb167d7', 'ca5673e3-1d54-43b3-8a78-b0b1ae36b3eb', 'Class wish.', 'Market best only know fish. Produce clear various production. Both focus foreign four.', 323.76);
INSERT INTO property (property_id, host_id, location_id, name, description, price_per_night) VALUES ('2e30b6b3-d1ce-4681-9a3e-f9110fcab5f9', 'e981845b-8b03-4efd-b2c4-56dd8bb167d7', '25215cc9-c274-49ad-95fc-2960c55c6818', 'Current.', 'College newspaper little drive. Time to black her become less production.', 175.99);
INSERT INTO property (property_id, host_id, location_id, name, description, price_per_night) VALUES ('9f67952d-7ba0-4827-bc7e-7ad3f147b8e1', '85a0cc7c-67e7-4898-83d0-6f1a0bf3d286', 'ca5673e3-1d54-43b3-8a78-b0b1ae36b3eb', 'Around both.', 'Strong parent behind bank. Between table tonight suddenly idea common laugh environment. Phone positive idea throughout concern class. Deep minute top group.', 264.02);
INSERT INTO property (property_id, host_id, location_id, name, description, price_per_night) VALUES ('0184cd6c-6606-44f8-80e0-92e10ee5ae5f', 'f02045b1-adba-4dab-8a76-ac8be542f533', 'd509a31a-8b98-406a-9720-46a9f508d0a0', 'Than probably before.', 'Someone young learn argue glass matter. Assume trouble key between seem. Follow current pay fire.', 59.83);
INSERT INTO property (property_id, host_id, location_id, name, description, price_per_night) VALUES ('032d3684-7cb0-40de-9f3b-4cf693aced65', '45a81dcd-08c8-415b-96f3-cbdbacebc761', 'ca5673e3-1d54-43b3-8a78-b0b1ae36b3eb', 'Team operation point.', 'Worry there similar adult range true even. Nature street find community any morning more. None say heart information part full your yeah.', 437.61);
INSERT INTO property (property_id, host_id, location_id, name, description, price_per_night) VALUES ('8b706777-20e1-4e32-9a02-6b88a4b2a66c', '2120dae7-c43d-43a0-8c40-71eeea74d0aa', '662a91f5-d7c0-4c75-8ca2-f36c7b530b9d', 'Mind scene.', 'South ability no affect catch that area.', 417.77);
INSERT INTO property (property_id, host_id, location_id, name, description, price_per_night) VALUES ('f7ff938e-c54b-4415-88ec-5ec4e235c313', '60dc1eb4-4d6f-482b-afd0-53645514dd88', '4390c35a-f106-4c1b-9954-2d96ecc2ed16', 'Property she.', 'Rule thus growth him power.', 101.80);
INSERT INTO property (property_id, host_id, location_id, name, description, price_per_night) VALUES ('c514ce0f-8337-4bef-92f8-cfd7077ad7fd', '18a39caf-60bc-4dac-b86b-bc8f84126589', 'd19ae98d-6448-488a-b5d2-129731d85eea', 'People worker time.', 'Rest others development account knowledge action. Simple as player use.', 433.06);
INSERT INTO property (property_id, host_id, location_id, name, description, price_per_night) VALUES ('c3161c72-ca40-4fa5-9194-4fea5348e293', '89718559-f433-4e0f-9abb-646bed7c5eb2', '41a5122b-9d97-4dbf-8496-7c3d4199d17a', 'Seek third since.', 'Model make speak might fight social. Husband friend idea thus exactly recent. Subject research sell idea school.', 142.58);
INSERT INTO property (property_id, host_id, location_id, name, description, price_per_night) VALUES ('fe870f0b-d183-4a86-ba56-83d7a5c8d005', 'f24fb5ea-1230-4a17-9168-b28a9217b622', 'a4eba067-1779-48d5-b9ff-49dc68a723e3', 'Try condition.', 'Person understand back use. Subject clearly take product building view its.', 191.62);
INSERT INTO property (property_id, host_id, location_id, name, description, price_per_night) VALUES ('2342196c-2b8d-485f-bcc9-b26dd8755721', '34f899da-fe49-4033-8bf9-eea0f9453430', 'a0a1bca3-9a3e-44f7-8241-4488d108fb40', 'Break voice.', 'Reflect yes smile. Third option chair decide. Hand benefit major friend through data.', 459.43);
INSERT INTO property (property_id, host_id, location_id, name, description, price_per_night) VALUES ('eb259021-e44a-4913-ac04-ddcdf5bd1c97', '89718559-f433-4e0f-9abb-646bed7c5eb2', '5b898b33-0fb4-4cc8-8ca0-0cbc29e2b074', 'Shake now.', 'Believe industry yeah see country. Concern reach every put. Knowledge report national senior. Activity country itself eat former into.', 344.91);
INSERT INTO property (property_id, host_id, location_id, name, description, price_per_night) VALUES ('5161917d-4b6f-4438-8dbd-283074169904', 'bfa15966-1c58-42e0-85c1-63f03f4fb627', '70fefbf7-a457-44e5-a867-aec66a4d4962', 'Foreign loss.', 'Each the arrive former within. Everybody leader social per civil center newspaper. Front season suddenly really social standard even.', 338.06);
INSERT INTO property (property_id, host_id, location_id, name, description, price_per_night) VALUES ('be3429d7-cb08-4e9b-aee9-628e70cdf151', '34f899da-fe49-4033-8bf9-eea0f9453430', 'a4eba067-1779-48d5-b9ff-49dc68a723e3', 'Ahead teach.', 'Car stand form parent. Song according foot choice space federal condition. Southern church inside series tell thank type.', 130.23);
INSERT INTO property (property_id, host_id, location_id, name, description, price_per_night) VALUES ('33170d02-4026-4d0b-b4be-5c3d41cf9b53', 'd0dec499-8814-4c7f-823d-e7a29c743794', 'a0a1bca3-9a3e-44f7-8241-4488d108fb40', 'Traditional start.', 'Reality no work collection. Behavior both long toward. Agree tax form great education.', 180.97);
INSERT INTO property (property_id, host_id, location_id, name, description, price_per_night) VALUES ('3a48d358-1989-42c0-aa61-978f3266a0d3', '2120dae7-c43d-43a0-8c40-71eeea74d0aa', '3973fc48-f84d-4b03-9982-176c01c22691', 'See we find.', 'Treatment development serious seat address star. Yard son speech Democrat wife give. Computer respond current wife.', 172.12);
INSERT INTO property (property_id, host_id, location_id, name, description, price_per_night) VALUES ('5f427886-81ef-4044-abe5-5276a2be8ccd', '707ea02a-b2a4-4b05-bfb7-92174996c4cf', '4390c35a-f106-4c1b-9954-2d96ecc2ed16', 'Good her.', 'Represent performance cold if project. Statement unit in baby.', 373.32);
INSERT INTO property (property_id, host_id, location_id, name, description, price_per_night) VALUES ('3023ee34-15e7-49ee-ba11-2fc0705c56e1', '707ea02a-b2a4-4b05-bfb7-92174996c4cf', '5b898b33-0fb4-4cc8-8ca0-0cbc29e2b074', 'Economic attack food.', 'Respond some significant specific city paper part. Simply degree article available possible order. Manage probably minute offer.', 66.05);
INSERT INTO property (property_id, host_id, location_id, name, description, price_per_night) VALUES ('8c689681-51d3-4825-82c5-2fdd12daee82', 'a20b224a-d5c1-4b4f-854f-3f4d8162a3c8', '7322e6be-2937-46c0-b939-ee9a62a1d774', 'Because head nation.', 'Free finally national difficult field off government forget.', 117.24);
INSERT INTO property (property_id, host_id, location_id, name, description, price_per_night) VALUES ('03651e40-4d8c-41a9-8dc8-abf006c88ac8', '8eeb37d4-e930-40a4-b7db-cb0a7b87200f', '25215cc9-c274-49ad-95fc-2960c55c6818', 'Step generation.', 'Nor goal rich study others. Across do issue let spend compare.', 212.41);
INSERT INTO property (property_id, host_id, location_id, name, description, price_per_night) VALUES ('e8019d47-3fd3-413f-9ba0-565929c532c0', 'e283a40d-72a3-4171-9da8-a6b5b7eeb8ae', '3973fc48-f84d-4b03-9982-176c01c22691', 'Lawyer attack simply.', 'Camera himself compare detail.', 182.03);
INSERT INTO property (property_id, host_id, location_id, name, description, price_per_night) VALUES ('192713d4-5d5f-487a-afd7-1312acfa1768', '9076c1c1-e0a6-46f3-b99c-c2b0b6154500', 'c5e049eb-0751-4768-848d-c148556bc6bc', 'Blue tend house.', 'Success ago five information. Type speech other question indeed.', 470.19);
INSERT INTO property (property_id, host_id, location_id, name, description, price_per_night) VALUES ('f2340e8c-d98a-43ec-91c4-7b55c828f764', 'ef5d1406-35b2-41a2-a6c3-b6a3f4ea25ef', '7322e6be-2937-46c0-b939-ee9a62a1d774', 'Wind answer stock.', 'Road nothing defense customer family food run. Congress result every war. Series window tax marriage.', 435.67);
INSERT INTO property (property_id, host_id, location_id, name, description, price_per_night) VALUES ('95e18f72-82b5-4e55-bd3f-e42c9e68bf18', 'c5f2d84a-477e-4f20-ba89-bb038883a779', 'd509a31a-8b98-406a-9720-46a9f508d0a0', 'Size improve hit.', 'Kind performance sport try poor modern democratic human. Occur back book they field. Box people point month smile national.', 186.20);
INSERT INTO property (property_id, host_id, location_id, name, description, price_per_night) VALUES ('09840212-3df5-4d63-b9a0-e1dc216ae610', '707ea02a-b2a4-4b05-bfb7-92174996c4cf', '25215cc9-c274-49ad-95fc-2960c55c6818', 'Actually small.', 'Middle resource project. Single technology similar seem operation.', 236.62);
INSERT INTO property (property_id, host_id, location_id, name, description, price_per_night) VALUES ('ca10caf0-cdfe-4391-8b55-5c65b4430242', '016e5382-0b93-46ad-add7-20ce276edb66', 'a4eba067-1779-48d5-b9ff-49dc68a723e3', 'Front bit.', 'He family yet recent grow crime future. Without current rate business worker.', 458.90);
INSERT INTO property (property_id, host_id, location_id, name, description, price_per_night) VALUES ('47972ea8-23cc-47b5-8dec-f25032e582fd', '9076c1c1-e0a6-46f3-b99c-c2b0b6154500', 'c65ca06d-23d0-4df4-8c86-db053f7de12a', 'Wife get.', 'Theory protect movement. Effect remember memory say. Matter instead need conference.', 428.38);
INSERT INTO property (property_id, host_id, location_id, name, description, price_per_night) VALUES ('df558f84-8a62-4f80-9b27-a8057e0324b5', '707ea02a-b2a4-4b05-bfb7-92174996c4cf', 'ca5673e3-1d54-43b3-8a78-b0b1ae36b3eb', 'Expert suggest.', 'Magazine family vote support. Oil drive local cover interview us up.', 265.59);
INSERT INTO property (property_id, host_id, location_id, name, description, price_per_night) VALUES ('f576d357-bb35-4114-ab32-e3882eec6638', '978c4e9c-0203-46c2-ac0c-cc10b13903cf', '040df0cb-192e-4a76-9bf4-28c88e6b5c99', 'Social cell.', 'Media artist she husband lot start. Machine exist improve son less. Attention both hour factor. Interesting phone on far.', 241.94);
INSERT INTO property (property_id, host_id, location_id, name, description, price_per_night) VALUES ('ca711c2e-22ab-48c8-8e24-7cf29b949c06', 'ef5d1406-35b2-41a2-a6c3-b6a3f4ea25ef', 'c65ca06d-23d0-4df4-8c86-db053f7de12a', 'Travel not identify.', 'Happy thought early president board bring painting. Group member it chance our. Will consider probably against.', 380.64);
INSERT INTO property (property_id, host_id, location_id, name, description, price_per_night) VALUES ('40379d7b-d924-441a-96a1-9cf4ad0f5e28', '18a39caf-60bc-4dac-b86b-bc8f84126589', '7322e6be-2937-46c0-b939-ee9a62a1d774', 'Bill fire.', 'Same throughout wide billion. Mission recently value expert thing bed among.', 332.03);
INSERT INTO property (property_id, host_id, location_id, name, description, price_per_night) VALUES ('8cb677da-2465-4e68-9025-9d4a867ec195', 'd0dec499-8814-4c7f-823d-e7a29c743794', 'd509a31a-8b98-406a-9720-46a9f508d0a0', 'Else represent detail.', 'Employee situation red at stock sometimes. Provide keep remember. Effect adult run point spring room. Travel responsibility cut hour pick Mrs.', 79.63);
INSERT INTO property (property_id, host_id, location_id, name, description, price_per_night) VALUES ('a56f5beb-b8a9-4170-ba5a-bea6b99e09c4', '960548e4-7684-42c9-a980-649a0d6a64d9', 'c9aee78f-c634-4841-889e-ba357303dc1b', 'Soldier against take.', 'Agency century strong anything trial factor. Send guess you bar development.', 387.44);
INSERT INTO property (property_id, host_id, location_id, name, description, price_per_night) VALUES ('b4dfca5d-9316-4c82-99d4-25f7a7dad801', '995f6b2d-4b13-47aa-9aa1-b9e9db8c061c', '926d0072-f9c7-450a-b1c2-d33b01de70cf', 'Fish plan pick.', 'Leave plan high civil.', 53.53);
INSERT INTO property (property_id, host_id, location_id, name, description, price_per_night) VALUES ('062044c8-aa3b-468e-b367-9d28c6d330c2', 'f02045b1-adba-4dab-8a76-ac8be542f533', 'a4eba067-1779-48d5-b9ff-49dc68a723e3', 'Action tend coach.', 'Have approach difference difficult.', 283.55);
INSERT INTO property (property_id, host_id, location_id, name, description, price_per_night) VALUES ('7912a90d-e9ab-4eb5-bce2-24e0f7671f12', '45a81dcd-08c8-415b-96f3-cbdbacebc761', '040df0cb-192e-4a76-9bf4-28c88e6b5c99', 'Fine so.', 'World show market understand media successful. During scientist white. Cell among nice operation.', 404.73);
INSERT INTO property (property_id, host_id, location_id, name, description, price_per_night) VALUES ('223089a2-51c8-45f5-839a-d0456954e371', 'bfa15966-1c58-42e0-85c1-63f03f4fb627', 'c9aee78f-c634-4841-889e-ba357303dc1b', 'Its practice how save.', 'Think five miss camera federal family I miss. Leader note understand. News film building finish relate.', 240.37);
INSERT INTO property (property_id, host_id, location_id, name, description, price_per_night) VALUES ('20a7e3a4-37aa-40b2-b68d-7ca43d692ad8', '34f899da-fe49-4033-8bf9-eea0f9453430', 'c5e049eb-0751-4768-848d-c148556bc6bc', 'White message.', 'Billion onto find read respond tend sea. Subject yet forget open. Cultural pull above us adult see body.', 494.81);
INSERT INTO property (property_id, host_id, location_id, name, description, price_per_night) VALUES ('43436180-9f5d-494b-a6ce-fc3837dc7826', 'f24fb5ea-1230-4a17-9168-b28a9217b622', 'a0a1bca3-9a3e-44f7-8241-4488d108fb40', 'Money.', 'Tax method six enough war. Owner traditional fill address teach simply.', 399.70);
INSERT INTO property (property_id, host_id, location_id, name, description, price_per_night) VALUES ('727865b3-6b1d-4cad-a5e3-cf87fcd5f36e', 'df1d4e47-004f-445e-926c-372569c68209', 'c9aee78f-c634-4841-889e-ba357303dc1b', 'Similar blood really child.', 'Sport everything true water short. Necessary lawyer else behind. Need simply growth television.', 211.33);
INSERT INTO property (property_id, host_id, location_id, name, description, price_per_night) VALUES ('064969ed-2ee7-4c71-a738-d08242d7f14c', '031ff6b1-0e93-4a69-8e6b-5521661ee760', 'c0753d67-be2b-462c-8456-cafaae6af0d7', 'Arm prove community.', 'And mean five establish per floor world. Stop space store community together far.', 456.35);
INSERT INTO property (property_id, host_id, location_id, name, description, price_per_night) VALUES ('0abbe886-466b-4709-82bd-49f0c422ccf3', '45a81dcd-08c8-415b-96f3-cbdbacebc761', 'c9aee78f-c634-4841-889e-ba357303dc1b', 'Make knowledge.', 'Whom box political herself society position. Structure foot question learn economic recent let receive.', 103.51);
INSERT INTO property (property_id, host_id, location_id, name, description, price_per_night) VALUES ('12bae6eb-be90-4a27-8fb9-2c97552ed93f', 'f02045b1-adba-4dab-8a76-ac8be542f533', 'd19ae98d-6448-488a-b5d2-129731d85eea', 'No enough case.', 'Institution produce step expect attention.', 143.25);
INSERT INTO property (property_id, host_id, location_id, name, description, price_per_night) VALUES ('b65db1f4-49de-489d-b6d6-787f831f91bf', '89718559-f433-4e0f-9abb-646bed7c5eb2', 'c9aee78f-c634-4841-889e-ba357303dc1b', 'Once enter discuss.', 'Kind religious question him amount. Resource box during star much. Change resource occur music item land.', 330.54);
INSERT INTO property (property_id, host_id, location_id, name, description, price_per_night) VALUES ('89361f91-0c5d-4d15-a68f-7576d05f2d85', '016e5382-0b93-46ad-add7-20ce276edb66', 'c9aee78f-c634-4841-889e-ba357303dc1b', 'Although well.', 'Phone director accept teach short water. You out thus close.', 256.28);
INSERT INTO property (property_id, host_id, location_id, name, description, price_per_night) VALUES ('2c05cd34-4d83-409d-9d47-409a15c220ee', '34f899da-fe49-4033-8bf9-eea0f9453430', 'a4eba067-1779-48d5-b9ff-49dc68a723e3', 'Study.', 'Watch choice cause natural. Home hard general nor administration open. Happen show garden.', 422.14);
INSERT INTO property (property_id, host_id, location_id, name, description, price_per_night) VALUES ('f2cba15d-8884-4ab3-9dcb-54285f929b75', '016e5382-0b93-46ad-add7-20ce276edb66', '5b898b33-0fb4-4cc8-8ca0-0cbc29e2b074', 'Put he ask.', 'Water offer son defense modern outside. Six born old nice per pattern group.', 492.35);
INSERT INTO property (property_id, host_id, location_id, name, description, price_per_night) VALUES ('e066e35e-3515-4433-8d2a-157a07cdfe87', '18a39caf-60bc-4dac-b86b-bc8f84126589', 'a0a1bca3-9a3e-44f7-8241-4488d108fb40', 'Energy continue industry.', 'Change talk conference language ball someone. Thank goal chance whom current.', 232.66);
INSERT INTO property (property_id, host_id, location_id, name, description, price_per_night) VALUES ('7f5d2b04-e294-4020-ab97-ba43f3056558', 'c9468b51-8a55-406c-9914-cf47cfb4446c', '1132a77a-e42f-4376-89b0-a6a1c7d0030c', 'Least organization probably only.', 'Half air important. Speak behind appear home person current able.', 444.95);
INSERT INTO property (property_id, host_id, location_id, name, description, price_per_night) VALUES ('5ecf2165-cc77-46a8-b1df-3eee40ca83b6', 'e2bcef7e-08a8-4135-a821-3a489ebb7256', 'c65ca06d-23d0-4df4-8c86-db053f7de12a', 'Director pass machine want.', 'Work upon article compare television fly. Performance city test direction call adult toward. Look give sense fine street make. Even health television perhaps.', 425.09);
INSERT INTO property (property_id, host_id, location_id, name, description, price_per_night) VALUES ('818af3ed-b534-4510-b568-d86d482e52ec', 'e2bcef7e-08a8-4135-a821-3a489ebb7256', 'c9aee78f-c634-4841-889e-ba357303dc1b', 'Travel determine.', 'Card effect water officer network side. North product well school guess them. Partner son air out price interest finally. Face material however you.', 294.26);
INSERT INTO booking (booking_id, property_id, user_id, start_date, end_date, status) VALUES ('cd901c62-8f2a-4f1d-937f-d4c9a45487ef', 'c4515828-770a-49c6-b245-2044b8a97d5d', 'cdf36fe5-0841-4ab7-b390-3d3c7e197830', '2024-08-13', '2024-08-19', 'canceled');
INSERT INTO booking (booking_id, property_id, user_id, start_date, end_date, status) VALUES ('228d7fdc-0fb4-48cb-bf8e-4a61c860db06', 'f2cba15d-8884-4ab3-9dcb-54285f929b75', '089a13a6-bb0e-4f3c-91b2-b05c610a6c0d', '2025-03-16', '2025-03-30', 'confirmed');
INSERT INTO booking (booking_id, property_id, user_id, start_date, end_date, status) VALUES ('97fad529-5d2a-4c82-ab87-29e2dac540fd', '2ecf0fa9-cbbe-4493-b1b2-413344751c4c', '2bde3efe-3fff-4287-8a5a-7ae21ac717db', '2025-04-04', '2025-04-07', 'confirmed');
INSERT INTO booking (booking_id, property_id, user_id, start_date, end_date, status) VALUES ('5837d198-188a-4374-885f-c8db0a9e35ea', 'f576d357-bb35-4114-ab32-e3882eec6638', 'ef5d1406-35b2-41a2-a6c3-b6a3f4ea25ef', '2024-11-07', '2024-11-21', 'confirmed');
INSERT INTO booking (booking_id, property_id, user_id, start_date, end_date, status) VALUES ('cc452589-860f-4b82-8ee7-5709dbfd3767', 'ca10caf0-cdfe-4391-8b55-5c65b4430242', '8eeb37d4-e930-40a4-b7db-cb0a7b87200f', '2025-03-21', '2025-04-02', 'canceled');
INSERT INTO booking (booking_id, property_id, user_id, start_date, end_date, status) VALUES ('c59f9780-40fa-4c98-bd5a-bd7a207d0f8f', 'eb259021-e44a-4913-ac04-ddcdf5bd1c97', '2120dae7-c43d-43a0-8c40-71eeea74d0aa', '2025-05-08', '2025-05-21', 'pending');
INSERT INTO booking (booking_id, property_id, user_id, start_date, end_date, status) VALUES ('12aefd9d-fa55-4eef-8700-ee7fdab6694a', '3023ee34-15e7-49ee-ba11-2fc0705c56e1', '960548e4-7684-42c9-a980-649a0d6a64d9', '2024-07-29', '2024-07-31', 'pending');
INSERT INTO booking (booking_id, property_id, user_id, start_date, end_date, status) VALUES ('c6ced904-b0f7-45a8-998b-98252ce14bfb', '7007c91c-1d15-4264-9b4f-3a0d54bdf16a', '960548e4-7684-42c9-a980-649a0d6a64d9', '2025-02-05', '2025-02-10', 'pending');
INSERT INTO booking (booking_id, property_id, user_id, start_date, end_date, status) VALUES ('405d859f-6f3e-4900-9870-8af1b93ed762', '7f5d2b04-e294-4020-ab97-ba43f3056558', '79128899-8efc-413a-8165-4d854bc35373', '2024-07-21', '2024-07-27', 'pending');
INSERT INTO booking (booking_id, property_id, user_id, start_date, end_date, status) VALUES ('6c1642c3-fd24-4fbf-a11c-46d3f94709e3', '3bc2c86f-3d35-47c9-ae5b-a82a2042aad6', 'd54113e0-3344-403b-993f-bcc25e320ab4', '2024-11-20', '2024-11-28', 'confirmed');
INSERT INTO booking (booking_id, property_id, user_id, start_date, end_date, status) VALUES ('ed4121b1-f12b-4827-9c3c-34e5e8ff9ff0', '3a48d358-1989-42c0-aa61-978f3266a0d3', '67ab4a51-8721-4344-b287-6fb3d5d11fa2', '2025-03-04', '2025-03-13', 'canceled');
INSERT INTO booking (booking_id, property_id, user_id, start_date, end_date, status) VALUES ('e2afdcf6-ad21-4fc5-9fb7-23793eb378ac', '2ecf0fa9-cbbe-4493-b1b2-413344751c4c', 'd9614974-9f2f-45a3-bf05-255068148acc', '2025-05-12', '2025-05-14', 'canceled');
INSERT INTO booking (booking_id, property_id, user_id, start_date, end_date, status) VALUES ('e738003e-7f39-4291-8f4f-5a080afa922e', '3023ee34-15e7-49ee-ba11-2fc0705c56e1', '29e15380-b4f0-4fe7-a4b6-96f79648d3f1', '2024-11-05', '2024-11-15', 'pending');
INSERT INTO booking (booking_id, property_id, user_id, start_date, end_date, status) VALUES ('de670168-0fad-4db7-af83-76b639be07d6', 'f2cba15d-8884-4ab3-9dcb-54285f929b75', '6305f469-7c1e-446f-8a14-4d82e8973cdf', '2024-05-26', '2024-06-08', 'pending');
INSERT INTO booking (booking_id, property_id, user_id, start_date, end_date, status) VALUES ('a6a96f8f-9a10-49ad-bc09-1deec04c6d25', '670aad4c-5095-449d-b037-cb77e9c1d815', 'fdd50082-30de-4b11-9241-068a791f8b41', '2025-02-22', '2025-03-04', 'confirmed');
INSERT INTO booking (booking_id, property_id, user_id, start_date, end_date, status) VALUES ('b44c23db-0dcb-4f18-bcbb-a6992bcd508e', '5161917d-4b6f-4438-8dbd-283074169904', 'a501347f-44b4-4353-89b1-b1f6150a121d', '2025-04-29', '2025-05-09', 'canceled');
INSERT INTO booking (booking_id, property_id, user_id, start_date, end_date, status) VALUES ('15d2463c-fb36-46cc-ab6e-ee3778cec8b6', 'a34f3cd2-0ec6-42a1-9db2-eb3d55f83501', '89718559-f433-4e0f-9abb-646bed7c5eb2', '2025-03-30', '2025-04-10', 'pending');
INSERT INTO booking (booking_id, property_id, user_id, start_date, end_date, status) VALUES ('53478f1a-a741-4a03-9f58-38c7cc7565c8', '2c05cd34-4d83-409d-9d47-409a15c220ee', '34f899da-fe49-4033-8bf9-eea0f9453430', '2025-02-24', '2025-03-01', 'canceled');
INSERT INTO booking (booking_id, property_id, user_id, start_date, end_date, status) VALUES ('97083726-b4ec-4fbd-b9cc-97e3b51891f3', '95e18f72-82b5-4e55-bd3f-e42c9e68bf18', '66d9f7fc-c840-40ad-ab88-3459c406126a', '2024-10-18', '2024-10-24', 'pending');
INSERT INTO booking (booking_id, property_id, user_id, start_date, end_date, status) VALUES ('99d5a327-cc9e-4028-992a-0a09151afa7a', '33170d02-4026-4d0b-b4be-5c3d41cf9b53', '64f91967-5341-4d98-8494-48ab9d414eab', '2024-07-29', '2024-08-12', 'confirmed');
INSERT INTO booking (booking_id, property_id, user_id, start_date, end_date, status) VALUES ('be378316-f008-40cd-8a91-557fab03a6b8', '5ecf2165-cc77-46a8-b1df-3eee40ca83b6', '2d91befd-de61-490f-965e-a627ec40d29c', '2024-12-02', '2024-12-09', 'confirmed');
INSERT INTO booking (booking_id, property_id, user_id, start_date, end_date, status) VALUES ('16a582a4-843a-40dc-82f4-e22f33a2cbc6', 'f4dc19ce-d53c-42dc-af09-98b3124359ef', '00b00095-9c2c-4bbd-b457-f346c8a14b6b', '2024-09-02', '2024-09-13', 'pending');
INSERT INTO booking (booking_id, property_id, user_id, start_date, end_date, status) VALUES ('6402bb23-a87f-44f4-8063-431797ec4c7b', '892149b6-b638-4b5d-b4f3-3f7490cce14a', '722fc31a-c86a-490f-a98a-6926c288215f', '2025-02-04', '2025-02-16', 'confirmed');
INSERT INTO booking (booking_id, property_id, user_id, start_date, end_date, status) VALUES ('0802cb94-ca3e-46ed-a8ec-932da50027c2', 'f4dc19ce-d53c-42dc-af09-98b3124359ef', '031ff6b1-0e93-4a69-8e6b-5521661ee760', '2025-04-12', '2025-04-20', 'confirmed');
INSERT INTO booking (booking_id, property_id, user_id, start_date, end_date, status) VALUES ('d2bea6e5-2640-4b22-a305-9cce3264c0bc', '0b7b3e0a-87c3-4dbb-bcd8-4b633bdb3ff4', 'f1a1c653-71ba-480e-b029-59841791267c', '2024-10-24', '2024-11-07', 'canceled');
INSERT INTO booking (booking_id, property_id, user_id, start_date, end_date, status) VALUES ('7f30cd7f-0e56-4643-b073-897e36bcbfde', '12bae6eb-be90-4a27-8fb9-2c97552ed93f', '7b302bcd-7450-4f04-9725-156938dfad50', '2024-06-21', '2024-07-02', 'canceled');
INSERT INTO booking (booking_id, property_id, user_id, start_date, end_date, status) VALUES ('ae1af62e-582f-4857-b4fd-205c536d4ce5', '3bc2c86f-3d35-47c9-ae5b-a82a2042aad6', 'bfa15966-1c58-42e0-85c1-63f03f4fb627', '2024-09-09', '2024-09-16', 'pending');
INSERT INTO booking (booking_id, property_id, user_id, start_date, end_date, status) VALUES ('40f7e982-5db2-46a8-890e-acc801863c2f', 'ca711c2e-22ab-48c8-8e24-7cf29b949c06', '80e72ecb-73a4-4c55-bcba-49377aae5b75', '2024-08-24', '2024-08-31', 'confirmed');
INSERT INTO booking (booking_id, property_id, user_id, start_date, end_date, status) VALUES ('62ba6f3d-fefa-42ed-a00f-5eda23975994', '66e815f6-56a4-4b5f-8479-e6c40794a5b2', 'e981845b-8b03-4efd-b2c4-56dd8bb167d7', '2024-07-14', '2024-07-22', 'pending');
INSERT INTO booking (booking_id, property_id, user_id, start_date, end_date, status) VALUES ('bb319f93-3fa5-4703-9325-20f488c57f36', 'ed342411-17d8-4e56-a16f-c06da17efaec', '031ff6b1-0e93-4a69-8e6b-5521661ee760', '2024-07-09', '2024-07-19', 'canceled');
INSERT INTO booking (booking_id, property_id, user_id, start_date, end_date, status) VALUES ('312b75b4-77ee-4689-9a91-edd86d4a3ae0', '7007c91c-1d15-4264-9b4f-3a0d54bdf16a', '36626c34-d394-4e92-8999-ade7a9ca27b5', '2025-02-28', '2025-03-06', 'pending');
INSERT INTO booking (booking_id, property_id, user_id, start_date, end_date, status) VALUES ('cd103fdc-c176-421f-8a9b-3036e5294f81', '064969ed-2ee7-4c71-a738-d08242d7f14c', 'c2af9b13-94fd-47f9-b66b-a734f2b73958', '2024-08-01', '2024-08-12', 'confirmed');
INSERT INTO booking (booking_id, property_id, user_id, start_date, end_date, status) VALUES ('7c2ebf49-1c33-4127-9bd9-f4b2a70b18b6', '476a5881-bbc2-445b-bb6d-82dd4f2a8422', 'a501347f-44b4-4353-89b1-b1f6150a121d', '2024-09-08', '2024-09-21', 'confirmed');
INSERT INTO booking (booking_id, property_id, user_id, start_date, end_date, status) VALUES ('3cf0125a-e1c9-4cac-95ac-ce719690046f', '6b798e7e-465c-4083-90b7-e7a41209b04d', 'de73cfc3-9ab3-4f5b-bb93-9bdaa6830746', '2024-07-01', '2024-07-11', 'canceled');
INSERT INTO booking (booking_id, property_id, user_id, start_date, end_date, status) VALUES ('3f1c7cfd-6b52-438e-9599-336eb8910811', '2342196c-2b8d-485f-bcc9-b26dd8755721', 'd06c973a-3b01-4992-a2ed-21dff6cf16e1', '2024-07-14', '2024-07-25', 'confirmed');
INSERT INTO booking (booking_id, property_id, user_id, start_date, end_date, status) VALUES ('8598b078-df2c-48e2-a00f-93f2a7ea93d7', '062044c8-aa3b-468e-b367-9d28c6d330c2', '99f47342-6f5f-4168-aa4c-e0ee44d706db', '2024-09-23', '2024-10-04', 'canceled');
INSERT INTO booking (booking_id, property_id, user_id, start_date, end_date, status) VALUES ('b2a06124-1373-4340-925b-d041d545cf3e', '40379d7b-d924-441a-96a1-9cf4ad0f5e28', '8eeb37d4-e930-40a4-b7db-cb0a7b87200f', '2024-08-01', '2024-08-14', 'pending');
INSERT INTO booking (booking_id, property_id, user_id, start_date, end_date, status) VALUES ('ab8bf805-e8a4-4e6d-9418-33834b05aeee', 'b80cfb9f-1043-45fa-95c2-52174fbf673c', '8eeb37d4-e930-40a4-b7db-cb0a7b87200f', '2025-04-16', '2025-04-28', 'canceled');
INSERT INTO booking (booking_id, property_id, user_id, start_date, end_date, status) VALUES ('c2e69ca0-0dde-4e05-9ff0-375f97e6e132', '14694226-8f2b-4578-bb14-06e28ac37e43', '0d29a2d0-532a-4d62-947f-a6ddc50044be', '2024-12-22', '2025-01-05', 'pending');
INSERT INTO booking (booking_id, property_id, user_id, start_date, end_date, status) VALUES ('4b408989-3eaf-4113-8061-69fd0161d2f3', '2ecf0fa9-cbbe-4493-b1b2-413344751c4c', '68e17782-fe23-48d6-a2c0-b6613e253168', '2024-12-28', '2025-01-05', 'confirmed');
INSERT INTO booking (booking_id, property_id, user_id, start_date, end_date, status) VALUES ('e1bd41e2-bcb7-4996-b431-9f3f10098438', 'e066e35e-3515-4433-8d2a-157a07cdfe87', 'd0dec499-8814-4c7f-823d-e7a29c743794', '2025-03-18', '2025-03-26', 'confirmed');
INSERT INTO booking (booking_id, property_id, user_id, start_date, end_date, status) VALUES ('bdae281a-53f2-4136-b93f-fb5401c78719', '8cb677da-2465-4e68-9025-9d4a867ec195', '18a39caf-60bc-4dac-b86b-bc8f84126589', '2024-07-12', '2024-07-13', 'pending');
INSERT INTO booking (booking_id, property_id, user_id, start_date, end_date, status) VALUES ('30e8d9be-1a8f-4080-913b-df6dcd313603', 'be3429d7-cb08-4e9b-aee9-628e70cdf151', '66d9f7fc-c840-40ad-ab88-3459c406126a', '2024-06-04', '2024-06-05', 'canceled');
INSERT INTO booking (booking_id, property_id, user_id, start_date, end_date, status) VALUES ('fafb43d6-d644-48d2-889c-b0aae04ca009', '223089a2-51c8-45f5-839a-d0456954e371', 'ded60dc3-86e9-4ddb-afc1-33253937cab9', '2024-06-21', '2024-07-01', 'pending');
INSERT INTO booking (booking_id, property_id, user_id, start_date, end_date, status) VALUES ('971c640e-fdb1-4da8-b05f-144c9dcb7f1a', 'a34f3cd2-0ec6-42a1-9db2-eb3d55f83501', '85a0cc7c-67e7-4898-83d0-6f1a0bf3d286', '2024-06-30', '2024-07-13', 'canceled');
INSERT INTO booking (booking_id, property_id, user_id, start_date, end_date, status) VALUES ('b789a052-7961-4e63-8c20-09612fda1abe', '818af3ed-b534-4510-b568-d86d482e52ec', '69fc3a4b-dd6f-43dc-879f-6a4f4fd5db18', '2025-05-09', '2025-05-21', 'canceled');
INSERT INTO booking (booking_id, property_id, user_id, start_date, end_date, status) VALUES ('7dfcaf55-7135-4c56-96aa-509a6d9391cb', '032d3684-7cb0-40de-9f3b-4cf693aced65', '69fc3a4b-dd6f-43dc-879f-6a4f4fd5db18', '2024-08-18', '2024-08-23', 'pending');
INSERT INTO booking (booking_id, property_id, user_id, start_date, end_date, status) VALUES ('bca562b2-e51b-4391-bc9d-828ae011a901', '0b7b3e0a-87c3-4dbb-bcd8-4b633bdb3ff4', '6305f469-7c1e-446f-8a14-4d82e8973cdf', '2024-12-21', '2024-12-31', 'confirmed');
INSERT INTO booking (booking_id, property_id, user_id, start_date, end_date, status) VALUES ('d51e7e8c-c133-49a9-b5f2-aee54766c27b', '49885af6-b29c-4fec-b0de-7125feb2c88d', '5d7b7016-ca1a-4238-828d-2abb441800b9', '2024-08-31', '2024-09-07', 'pending');
INSERT INTO booking (booking_id, property_id, user_id, start_date, end_date, status) VALUES ('97928834-97ba-4b49-aad1-39ef47301df0', 'ca69b252-cffc-4194-8fa1-e347e35510e2', '0726bfa6-4eb7-4a74-8d4b-4c1007fc9c79', '2024-08-30', '2024-09-12', 'pending');
INSERT INTO booking (booking_id, property_id, user_id, start_date, end_date, status) VALUES ('81a64b92-8d52-40fb-8377-ba9fcd60fb74', '89361f91-0c5d-4d15-a68f-7576d05f2d85', '995f6b2d-4b13-47aa-9aa1-b9e9db8c061c', '2024-07-23', '2024-08-05', 'confirmed');
INSERT INTO booking (booking_id, property_id, user_id, start_date, end_date, status) VALUES ('5dbf4fe7-07c3-476e-87d8-bd3ecbbdaf9e', 'f7ff938e-c54b-4415-88ec-5ec4e235c313', 'b4dad950-6958-4005-9373-34a8b360d19a', '2024-06-04', '2024-06-11', 'pending');
INSERT INTO booking (booking_id, property_id, user_id, start_date, end_date, status) VALUES ('55e4f069-c0e2-4287-9577-702b055b1c26', '33170d02-4026-4d0b-b4be-5c3d41cf9b53', '60dc1eb4-4d6f-482b-afd0-53645514dd88', '2024-08-28', '2024-09-09', 'confirmed');
INSERT INTO booking (booking_id, property_id, user_id, start_date, end_date, status) VALUES ('71670c71-efe8-4e2b-bc86-7220ff93a843', '49885af6-b29c-4fec-b0de-7125feb2c88d', 'bfa15966-1c58-42e0-85c1-63f03f4fb627', '2024-12-20', '2024-12-22', 'pending');
INSERT INTO booking (booking_id, property_id, user_id, start_date, end_date, status) VALUES ('99828fc9-72e4-4409-ba44-bbb5ae260d84', 'f2671656-e620-41bc-a75b-5fa08d3b4556', '5096f550-2edf-44f1-8679-638fba61b32f', '2025-04-01', '2025-04-02', 'confirmed');
INSERT INTO booking (booking_id, property_id, user_id, start_date, end_date, status) VALUES ('75068718-48df-4ed6-a560-84a7406cdbfe', '341ac6b2-485e-4bed-9d1d-b300ccd6a34d', '2d683bb9-9f05-45cf-a626-57797879d139', '2024-10-03', '2024-10-04', 'pending');
INSERT INTO booking (booking_id, property_id, user_id, start_date, end_date, status) VALUES ('2dc163ca-2a1a-4349-9f32-f453558a3cd7', 'ef6b769e-6fb1-4188-b79d-5be50ef933aa', '18a39caf-60bc-4dac-b86b-bc8f84126589', '2024-06-22', '2024-07-02', 'pending');
INSERT INTO booking (booking_id, property_id, user_id, start_date, end_date, status) VALUES ('4d68d4fe-fe52-4891-8588-a35adc2e691a', '38939ca0-a2b7-4d37-b974-1716ff275525', 'a186f623-8e52-4c2e-834a-f300f7513bb1', '2024-10-19', '2024-10-23', 'canceled');
INSERT INTO booking (booking_id, property_id, user_id, start_date, end_date, status) VALUES ('089c808d-9f4f-4a9e-855b-d2aa1a1c35db', '20a7e3a4-37aa-40b2-b68d-7ca43d692ad8', '02205138-ed37-492e-bd63-8260ba0bc5ce', '2024-08-21', '2024-08-23', 'canceled');
INSERT INTO booking (booking_id, property_id, user_id, start_date, end_date, status) VALUES ('7142e6b3-e4f7-4460-a8f1-583277d158ab', '0d48963e-9efd-47be-a165-911c5c69c870', '8eeb37d4-e930-40a4-b7db-cb0a7b87200f', '2024-09-18', '2024-09-24', 'canceled');
INSERT INTO booking (booking_id, property_id, user_id, start_date, end_date, status) VALUES ('fb9ec9ec-c2ed-4bbf-b396-73f0d1ca1110', '13005b3c-6515-4a85-a713-2f59d451a167', 'b6e4359f-cb45-42bb-b8af-2a38dcbfbb1f', '2025-02-13', '2025-02-17', 'pending');
INSERT INTO booking (booking_id, property_id, user_id, start_date, end_date, status) VALUES ('ae346b05-6cbc-41c2-b324-27c4ac52b64b', 'd12e08df-d340-4f64-8ba2-dfd775fafc03', '65325753-9ef6-413c-8a89-383b8b07942b', '2024-12-29', '2024-12-31', 'confirmed');
INSERT INTO booking (booking_id, property_id, user_id, start_date, end_date, status) VALUES ('2e8463d2-282b-44fd-8688-dd1735004114', '341ac6b2-485e-4bed-9d1d-b300ccd6a34d', '36ddadd8-b50a-4e20-91d1-9ea680d31f8f', '2024-12-15', '2024-12-20', 'pending');
INSERT INTO booking (booking_id, property_id, user_id, start_date, end_date, status) VALUES ('74d7a304-af5f-485f-a7c9-af102ed26f45', '13005b3c-6515-4a85-a713-2f59d451a167', '35e7672a-ce30-4644-bf4c-fc7c81ff654d', '2024-12-01', '2024-12-07', 'confirmed');
INSERT INTO booking (booking_id, property_id, user_id, start_date, end_date, status) VALUES ('2b479603-be71-4659-acb0-c8be525e69cb', 'eb259021-e44a-4913-ac04-ddcdf5bd1c97', '8eeb37d4-e930-40a4-b7db-cb0a7b87200f', '2025-01-09', '2025-01-14', 'canceled');
INSERT INTO booking (booking_id, property_id, user_id, start_date, end_date, status) VALUES ('552c369b-c09f-468e-bef6-e67846332615', 'a56f5beb-b8a9-4170-ba5a-bea6b99e09c4', '60dc1eb4-4d6f-482b-afd0-53645514dd88', '2024-08-21', '2024-08-24', 'canceled');
INSERT INTO booking (booking_id, property_id, user_id, start_date, end_date, status) VALUES ('1f0a5e21-7a84-4a93-834d-bd9b3c18fe7b', '49885af6-b29c-4fec-b0de-7125feb2c88d', '5d7b7016-ca1a-4238-828d-2abb441800b9', '2025-04-07', '2025-04-16', 'canceled');
INSERT INTO booking (booking_id, property_id, user_id, start_date, end_date, status) VALUES ('8a33f189-763e-450a-aa50-4c97f99e4391', '5c37a916-28bc-49c2-b8a2-b83daf89cdee', '00b00095-9c2c-4bbd-b457-f346c8a14b6b', '2024-06-22', '2024-06-29', 'pending');
INSERT INTO booking (booking_id, property_id, user_id, start_date, end_date, status) VALUES ('83fb933a-9a0e-41e2-a016-7de5a2a78235', '7007c91c-1d15-4264-9b4f-3a0d54bdf16a', '45a81dcd-08c8-415b-96f3-cbdbacebc761', '2024-12-13', '2024-12-19', 'canceled');
INSERT INTO booking (booking_id, property_id, user_id, start_date, end_date, status) VALUES ('0c6b913c-046c-4ce9-8c10-f6740f7649ef', 'cf3fa2fa-91b3-4cd3-ba98-efa9ff8b7ff6', '9076c1c1-e0a6-46f3-b99c-c2b0b6154500', '2025-05-11', '2025-05-24', 'pending');
INSERT INTO booking (booking_id, property_id, user_id, start_date, end_date, status) VALUES ('34ed5cee-eead-4625-b032-7a2641c6e91d', '670aad4c-5095-449d-b037-cb77e9c1d815', '17402f4e-dd03-481a-8d66-30a6eb4fed2b', '2024-12-14', '2024-12-21', 'canceled');
INSERT INTO booking (booking_id, property_id, user_id, start_date, end_date, status) VALUES ('535bf21f-a442-4113-9eca-a0e24400fe8e', 'e4efd2ca-6adf-4a49-90ad-d2d6ec87b0c7', 'f24fb5ea-1230-4a17-9168-b28a9217b622', '2025-03-22', '2025-04-01', 'pending');
INSERT INTO booking (booking_id, property_id, user_id, start_date, end_date, status) VALUES ('44f9d180-09c7-4aab-8567-49139df25d42', '2e30b6b3-d1ce-4681-9a3e-f9110fcab5f9', '18a39caf-60bc-4dac-b86b-bc8f84126589', '2024-06-02', '2024-06-14', 'pending');
INSERT INTO booking (booking_id, property_id, user_id, start_date, end_date, status) VALUES ('2380c4af-fb05-42c5-9111-05a894e5638b', '7007c91c-1d15-4264-9b4f-3a0d54bdf16a', '0726bfa6-4eb7-4a74-8d4b-4c1007fc9c79', '2024-05-23', '2024-05-28', 'canceled');
INSERT INTO booking (booking_id, property_id, user_id, start_date, end_date, status) VALUES ('b37c1b35-baed-4e4f-8131-859a4f4923b8', '032d3684-7cb0-40de-9f3b-4cf693aced65', '0e8d3960-575c-4b9b-bf51-6e20e8a1854f', '2024-09-21', '2024-09-24', 'canceled');
INSERT INTO booking (booking_id, property_id, user_id, start_date, end_date, status) VALUES ('13aea237-a74f-4231-9a62-c8d3232df366', '8b706777-20e1-4e32-9a02-6b88a4b2a66c', '4fd503a6-4175-4a37-9325-f819979a5886', '2025-02-18', '2025-03-01', 'confirmed');
INSERT INTO booking (booking_id, property_id, user_id, start_date, end_date, status) VALUES ('ca8455b4-24aa-433f-8949-8421bf612eea', '49885af6-b29c-4fec-b0de-7125feb2c88d', 'e2bcef7e-08a8-4135-a821-3a489ebb7256', '2024-10-23', '2024-10-31', 'canceled');
INSERT INTO booking (booking_id, property_id, user_id, start_date, end_date, status) VALUES ('f5defefe-66ce-4953-9974-0729877f63dd', 'da416912-5418-47a4-8d17-dcc7e54f1e13', '00e6fa3f-306c-4fcd-b874-63d49f6e619c', '2025-01-02', '2025-01-11', 'pending');
INSERT INTO booking (booking_id, property_id, user_id, start_date, end_date, status) VALUES ('71a243a3-9864-4534-a062-15073a8fd98f', 'f88a674d-92c0-4495-abd9-e14177474bc2', '2d91befd-de61-490f-965e-a627ec40d29c', '2024-11-15', '2024-11-16', 'confirmed');
INSERT INTO booking (booking_id, property_id, user_id, start_date, end_date, status) VALUES ('257c4eee-3224-4915-8a9b-a39365626dbf', '89361f91-0c5d-4d15-a68f-7576d05f2d85', '60dc1eb4-4d6f-482b-afd0-53645514dd88', '2025-03-16', '2025-03-24', 'pending');
INSERT INTO booking (booking_id, property_id, user_id, start_date, end_date, status) VALUES ('10115a01-a31b-4160-8c83-efb69bb27879', 'da416912-5418-47a4-8d17-dcc7e54f1e13', '8eeb37d4-e930-40a4-b7db-cb0a7b87200f', '2024-09-12', '2024-09-20', 'pending');
INSERT INTO booking (booking_id, property_id, user_id, start_date, end_date, status) VALUES ('e2dad865-3226-4e91-9ed3-930f3be73341', 'd12e08df-d340-4f64-8ba2-dfd775fafc03', '5d7b7016-ca1a-4238-828d-2abb441800b9', '2025-04-22', '2025-04-27', 'pending');
INSERT INTO booking (booking_id, property_id, user_id, start_date, end_date, status) VALUES ('1ebcd668-6b9d-4934-9d1f-95d0f0def33b', 'f2340e8c-d98a-43ec-91c4-7b55c828f764', 'b6e4359f-cb45-42bb-b8af-2a38dcbfbb1f', '2025-01-26', '2025-02-07', 'pending');
INSERT INTO booking (booking_id, property_id, user_id, start_date, end_date, status) VALUES ('43fcd600-d3b3-479b-a524-56bcdbd471cb', '064969ed-2ee7-4c71-a738-d08242d7f14c', '79128899-8efc-413a-8165-4d854bc35373', '2024-12-26', '2025-01-02', 'pending');
INSERT INTO booking (booking_id, property_id, user_id, start_date, end_date, status) VALUES ('95bca4f9-481f-46eb-89c6-dfc48b5c6141', '5ecf2165-cc77-46a8-b1df-3eee40ca83b6', '0726bfa6-4eb7-4a74-8d4b-4c1007fc9c79', '2025-03-19', '2025-03-26', 'pending');
INSERT INTO booking (booking_id, property_id, user_id, start_date, end_date, status) VALUES ('eb986f35-5172-4738-80de-717a59d3d8ac', 'cf3fa2fa-91b3-4cd3-ba98-efa9ff8b7ff6', '65325753-9ef6-413c-8a89-383b8b07942b', '2024-08-08', '2024-08-14', 'canceled');
INSERT INTO booking (booking_id, property_id, user_id, start_date, end_date, status) VALUES ('eb77c1f2-4bb8-46a7-9382-667f627cea6b', '0b7b3e0a-87c3-4dbb-bcd8-4b633bdb3ff4', 'bfa15966-1c58-42e0-85c1-63f03f4fb627', '2024-06-27', '2024-07-05', 'canceled');
INSERT INTO booking (booking_id, property_id, user_id, start_date, end_date, status) VALUES ('24b433a9-1865-4ad4-bd13-4d547041e8e4', 'a56f5beb-b8a9-4170-ba5a-bea6b99e09c4', '85a0cc7c-67e7-4898-83d0-6f1a0bf3d286', '2024-10-24', '2024-11-01', 'pending');
INSERT INTO booking (booking_id, property_id, user_id, start_date, end_date, status) VALUES ('35db4ac3-bec4-455d-a3e6-aeec212215ce', '670aad4c-5095-449d-b037-cb77e9c1d815', 'a186f623-8e52-4c2e-834a-f300f7513bb1', '2024-10-22', '2024-11-05', 'canceled');
INSERT INTO booking (booking_id, property_id, user_id, start_date, end_date, status) VALUES ('ed24e063-3cd3-4e99-9fa5-3759bc88ec03', 'c3161c72-ca40-4fa5-9194-4fea5348e293', 'ad287012-3970-40e5-98f2-ba7ab6d505b5', '2025-01-26', '2025-02-03', 'pending');
INSERT INTO booking (booking_id, property_id, user_id, start_date, end_date, status) VALUES ('20931838-d8bb-4a68-afbc-f25268cbb03f', 'fbab9311-1018-45a1-982e-ea801cbf7a4d', '4fd503a6-4175-4a37-9325-f819979a5886', '2024-06-13', '2024-06-15', 'canceled');
INSERT INTO booking (booking_id, property_id, user_id, start_date, end_date, status) VALUES ('83ee6269-e4e6-4e3a-83d0-61432a86f98e', '5f0636b7-c9dc-4765-92d1-9dab6d0e5306', '287c2a11-2a97-421e-96c0-afdbedd1c8e3', '2024-12-28', '2025-01-07', 'pending');
INSERT INTO booking (booking_id, property_id, user_id, start_date, end_date, status) VALUES ('e811acb0-134e-4522-8a6d-4f7dc392c143', '8b706777-20e1-4e32-9a02-6b88a4b2a66c', '36ddadd8-b50a-4e20-91d1-9ea680d31f8f', '2025-04-15', '2025-04-28', 'confirmed');
INSERT INTO booking (booking_id, property_id, user_id, start_date, end_date, status) VALUES ('d7966961-524b-465c-a3d1-c27b88866f1b', '2ed88f50-42da-409c-98f1-b29d66ef7949', '9a3670fb-e044-49e8-8f24-7f278e524d90', '2024-08-17', '2024-08-25', 'pending');
INSERT INTO booking (booking_id, property_id, user_id, start_date, end_date, status) VALUES ('972edff0-fcc8-4f16-9562-a3767e61abd4', 'e8019d47-3fd3-413f-9ba0-565929c532c0', '29e15380-b4f0-4fe7-a4b6-96f79648d3f1', '2025-04-15', '2025-04-22', 'confirmed');
INSERT INTO booking (booking_id, property_id, user_id, start_date, end_date, status) VALUES ('6fabd6a7-c1ad-46b3-811b-5eb2c44918e5', '8cb677da-2465-4e68-9025-9d4a867ec195', '89718559-f433-4e0f-9abb-646bed7c5eb2', '2025-03-06', '2025-03-08', 'confirmed');
INSERT INTO booking (booking_id, property_id, user_id, start_date, end_date, status) VALUES ('e523e7a7-6c87-4824-a30b-fe862fc05919', '223089a2-51c8-45f5-839a-d0456954e371', '960548e4-7684-42c9-a980-649a0d6a64d9', '2024-12-09', '2024-12-10', 'confirmed');
INSERT INTO booking (booking_id, property_id, user_id, start_date, end_date, status) VALUES ('2036bfe7-b2b2-4267-af79-8258c0f54584', '2e30b6b3-d1ce-4681-9a3e-f9110fcab5f9', '2bde3efe-3fff-4287-8a5a-7ae21ac717db', '2024-09-22', '2024-10-02', 'canceled');
INSERT INTO booking (booking_id, property_id, user_id, start_date, end_date, status) VALUES ('4b724255-9be4-41ec-921b-6e88724d0443', '2e30b6b3-d1ce-4681-9a3e-f9110fcab5f9', '71009437-2a60-4002-babd-c271c40e538b', '2025-04-21', '2025-04-23', 'canceled');
INSERT INTO booking (booking_id, property_id, user_id, start_date, end_date, status) VALUES ('433ab9a4-470a-42e4-8514-394c67c148b7', 'c04543b1-a271-4d9a-9fbb-966e2f6a9647', 'bfa15966-1c58-42e0-85c1-63f03f4fb627', '2025-02-17', '2025-02-22', 'canceled');
INSERT INTO booking (booking_id, property_id, user_id, start_date, end_date, status) VALUES ('9c059baa-0c6c-4f79-8789-31401def7504', 'a987601f-c434-4ad6-8f96-c73443ff7cb0', '190ea845-89d5-40ea-a300-3f01b3baff19', '2025-03-21', '2025-03-23', 'pending');
INSERT INTO booking (booking_id, property_id, user_id, start_date, end_date, status) VALUES ('2392caaa-bee5-44f3-83ca-cd555be09b8e', 'b4bc2fd5-a95f-4828-8b5d-529b03806c5b', '64f91967-5341-4d98-8494-48ab9d414eab', '2024-07-09', '2024-07-14', 'canceled');
INSERT INTO booking (booking_id, property_id, user_id, start_date, end_date, status) VALUES ('a41346fd-ce6c-4df0-86f4-cd33159cd8cc', 'f60b5c79-44dc-42c5-9483-1ab57cdc958c', '99f47342-6f5f-4168-aa4c-e0ee44d706db', '2024-05-27', '2024-06-05', 'pending');
INSERT INTO booking (booking_id, property_id, user_id, start_date, end_date, status) VALUES ('74432339-0ae6-44fe-8a87-b3782f2fd09a', '7f5d2b04-e294-4020-ab97-ba43f3056558', '00b00095-9c2c-4bbd-b457-f346c8a14b6b', '2024-05-15', '2024-05-17', 'confirmed');
INSERT INTO booking (booking_id, property_id, user_id, start_date, end_date, status) VALUES ('c46427e9-ae1d-490b-b56b-a1d94e98d4da', '670aad4c-5095-449d-b037-cb77e9c1d815', '722fc31a-c86a-490f-a98a-6926c288215f', '2024-06-29', '2024-07-08', 'pending');
INSERT INTO booking (booking_id, property_id, user_id, start_date, end_date, status) VALUES ('395cf649-554c-420c-96a1-9a4587894946', '09840212-3df5-4d63-b9a0-e1dc216ae610', '0d29a2d0-532a-4d62-947f-a6ddc50044be', '2024-10-09', '2024-10-20', 'pending');
INSERT INTO booking (booking_id, property_id, user_id, start_date, end_date, status) VALUES ('51ff9ef7-caab-4776-9ce4-273d3a4b47dd', '03651e40-4d8c-41a9-8dc8-abf006c88ac8', '5d7b7016-ca1a-4238-828d-2abb441800b9', '2025-03-27', '2025-04-03', 'canceled');
INSERT INTO booking (booking_id, property_id, user_id, start_date, end_date, status) VALUES ('abe72b21-5a5e-4cb3-82e5-69a76047e639', 'e8019d47-3fd3-413f-9ba0-565929c532c0', '58849716-4ecd-495f-84e3-c7c7f1833d01', '2024-09-30', '2024-10-12', 'confirmed');
INSERT INTO booking (booking_id, property_id, user_id, start_date, end_date, status) VALUES ('ed8eb136-835b-4c25-9756-2d1ebe95e413', '670aad4c-5095-449d-b037-cb77e9c1d815', '71009437-2a60-4002-babd-c271c40e538b', '2025-03-22', '2025-03-28', 'canceled');
INSERT INTO booking (booking_id, property_id, user_id, start_date, end_date, status) VALUES ('a52328fb-20ef-48b9-a650-5e1438534e55', '8cb677da-2465-4e68-9025-9d4a867ec195', 'a20b224a-d5c1-4b4f-854f-3f4d8162a3c8', '2024-05-22', '2024-05-25', 'pending');
INSERT INTO booking (booking_id, property_id, user_id, start_date, end_date, status) VALUES ('5e0ad73a-a769-4100-9ad2-bf79c1cfbef9', '064969ed-2ee7-4c71-a738-d08242d7f14c', '99f47342-6f5f-4168-aa4c-e0ee44d706db', '2024-10-03', '2024-10-10', 'confirmed');
INSERT INTO booking (booking_id, property_id, user_id, start_date, end_date, status) VALUES ('a1e0cb06-e699-43d8-b7bf-2aadbcfeed4f', '47972ea8-23cc-47b5-8dec-f25032e582fd', '80e72ecb-73a4-4c55-bcba-49377aae5b75', '2025-03-22', '2025-03-25', 'canceled');
INSERT INTO booking (booking_id, property_id, user_id, start_date, end_date, status) VALUES ('1535457d-3c33-45f0-8267-661b47afbc6d', '223089a2-51c8-45f5-839a-d0456954e371', '4fd503a6-4175-4a37-9325-f819979a5886', '2024-09-19', '2024-09-25', 'canceled');
INSERT INTO booking (booking_id, property_id, user_id, start_date, end_date, status) VALUES ('723e7051-2ee8-446d-bb1a-6dab0fa56de3', 'eb259021-e44a-4913-ac04-ddcdf5bd1c97', 'dd89ab30-9283-43e1-9032-32b18d7776c2', '2024-11-28', '2024-12-05', 'pending');
INSERT INTO booking (booking_id, property_id, user_id, start_date, end_date, status) VALUES ('4a021c4c-ffdd-4c4b-90bd-e8cd940f6495', '5161917d-4b6f-4438-8dbd-283074169904', 'f1a1c653-71ba-480e-b029-59841791267c', '2024-12-28', '2025-01-09', 'canceled');
INSERT INTO booking (booking_id, property_id, user_id, start_date, end_date, status) VALUES ('b0b70e0d-a15a-47bd-a58c-89917e8b405a', 'baf0693b-4de2-4668-aeaf-d55adcc0aee6', 'ec72412d-9981-4bc1-896b-c05e2b2a8597', '2025-05-04', '2025-05-15', 'pending');
INSERT INTO booking (booking_id, property_id, user_id, start_date, end_date, status) VALUES ('1945958e-1898-4c57-846f-536bb01e4a02', 'c514ce0f-8337-4bef-92f8-cfd7077ad7fd', '4fd503a6-4175-4a37-9325-f819979a5886', '2025-03-31', '2025-04-03', 'canceled');
INSERT INTO booking (booking_id, property_id, user_id, start_date, end_date, status) VALUES ('36b9cac2-5e19-438c-95d3-e10574df5848', '33170d02-4026-4d0b-b4be-5c3d41cf9b53', '016e5382-0b93-46ad-add7-20ce276edb66', '2025-04-04', '2025-04-14', 'pending');
INSERT INTO booking (booking_id, property_id, user_id, start_date, end_date, status) VALUES ('3d314c73-7644-4019-b9bb-d88bd2606c67', '13005b3c-6515-4a85-a713-2f59d451a167', 'bfa15966-1c58-42e0-85c1-63f03f4fb627', '2025-03-21', '2025-03-29', 'confirmed');
INSERT INTO booking (booking_id, property_id, user_id, start_date, end_date, status) VALUES ('3d16b228-ead1-4ea9-b487-6ba52e34c78f', 'af3e5983-a61d-446f-8d3d-8d2732f7ce17', '2bde3efe-3fff-4287-8a5a-7ae21ac717db', '2024-12-28', '2024-12-30', 'canceled');
INSERT INTO booking (booking_id, property_id, user_id, start_date, end_date, status) VALUES ('7924842e-4768-4443-be75-712ee5ad3dfb', '49885af6-b29c-4fec-b0de-7125feb2c88d', 'b4dad950-6958-4005-9373-34a8b360d19a', '2024-10-13', '2024-10-25', 'canceled');
INSERT INTO booking (booking_id, property_id, user_id, start_date, end_date, status) VALUES ('d6127164-8d56-4e03-96a4-0a36b6e2e365', '2e30b6b3-d1ce-4681-9a3e-f9110fcab5f9', 'a186f623-8e52-4c2e-834a-f300f7513bb1', '2024-12-07', '2024-12-13', 'pending');
INSERT INTO booking (booking_id, property_id, user_id, start_date, end_date, status) VALUES ('e2737dcc-e4e7-4aea-a743-6b190b167085', '6b798e7e-465c-4083-90b7-e7a41209b04d', 'ad287012-3970-40e5-98f2-ba7ab6d505b5', '2025-05-01', '2025-05-02', 'confirmed');
INSERT INTO booking (booking_id, property_id, user_id, start_date, end_date, status) VALUES ('33fc4832-7de1-48fa-9737-3afa01889bc3', 'a56f5beb-b8a9-4170-ba5a-bea6b99e09c4', '67cc975c-0cfe-4bba-9791-5320d058a20f', '2025-02-13', '2025-02-18', 'canceled');
INSERT INTO booking (booking_id, property_id, user_id, start_date, end_date, status) VALUES ('9eb1b83c-dc0a-4b62-960c-341d00b934ac', 'a34f3cd2-0ec6-42a1-9db2-eb3d55f83501', 'cc9ef611-d9ad-47cd-ab47-3fdf2d2e591e', '2024-06-24', '2024-07-07', 'canceled');
INSERT INTO booking (booking_id, property_id, user_id, start_date, end_date, status) VALUES ('f3afa59f-ddf3-4088-8d0a-44723b1c237c', '4cd62219-3a2b-4d3c-b34f-b7f775cc5a54', 'd0dec499-8814-4c7f-823d-e7a29c743794', '2024-06-21', '2024-06-23', 'confirmed');
INSERT INTO booking (booking_id, property_id, user_id, start_date, end_date, status) VALUES ('09f68457-8d62-4d90-b864-27a6f72ee4b4', 'fe870f0b-d183-4a86-ba56-83d7a5c8d005', 'e9cf0faa-fba8-484c-a65f-b0b5730bdd73', '2025-01-06', '2025-01-12', 'confirmed');
INSERT INTO booking (booking_id, property_id, user_id, start_date, end_date, status) VALUES ('599e65e4-e72b-4c9a-a62d-ce633e90caa8', '7ad0fb3f-10b2-4e5d-a517-361501258c8b', 'e822f4ac-6477-434c-aed8-3043dbc55f94', '2024-12-13', '2024-12-20', 'canceled');
INSERT INTO booking (booking_id, property_id, user_id, start_date, end_date, status) VALUES ('b2224834-c57b-4f15-8062-b270a41c9141', '43436180-9f5d-494b-a6ce-fc3837dc7826', 'c35146a6-0b78-4176-b7f3-5c2f73dfb5b9', '2024-07-25', '2024-07-28', 'confirmed');
INSERT INTO booking (booking_id, property_id, user_id, start_date, end_date, status) VALUES ('edb40455-ab46-462b-8a20-42fc84af676e', '0abbe886-466b-4709-82bd-49f0c422ccf3', 'cc9ef611-d9ad-47cd-ab47-3fdf2d2e591e', '2024-08-02', '2024-08-11', 'confirmed');
INSERT INTO booking (booking_id, property_id, user_id, start_date, end_date, status) VALUES ('ee4ba5b6-3439-45e7-afb8-194166ec379f', '7007c91c-1d15-4264-9b4f-3a0d54bdf16a', '35e7672a-ce30-4644-bf4c-fc7c81ff654d', '2024-09-14', '2024-09-17', 'confirmed');
INSERT INTO booking (booking_id, property_id, user_id, start_date, end_date, status) VALUES ('ad8b799f-2104-45a0-9b6e-e56b411da403', '341ac6b2-485e-4bed-9d1d-b300ccd6a34d', 'a501347f-44b4-4353-89b1-b1f6150a121d', '2025-01-16', '2025-01-23', 'confirmed');
INSERT INTO booking (booking_id, property_id, user_id, start_date, end_date, status) VALUES ('311347bb-cbf1-4c59-a00a-b53f10f5e3d3', 'b80cfb9f-1043-45fa-95c2-52174fbf673c', '02205138-ed37-492e-bd63-8260ba0bc5ce', '2024-12-13', '2024-12-17', 'pending');
INSERT INTO booking (booking_id, property_id, user_id, start_date, end_date, status) VALUES ('7b2c9b06-8938-4543-9078-e5973deb8c86', 'c514ce0f-8337-4bef-92f8-cfd7077ad7fd', '35e7672a-ce30-4644-bf4c-fc7c81ff654d', '2024-10-15', '2024-10-25', 'canceled');
INSERT INTO booking (booking_id, property_id, user_id, start_date, end_date, status) VALUES ('88e42ffc-abae-480a-8851-8d612909aedb', '66e815f6-56a4-4b5f-8479-e6c40794a5b2', 'a501347f-44b4-4353-89b1-b1f6150a121d', '2024-07-07', '2024-07-08', 'pending');
INSERT INTO booking (booking_id, property_id, user_id, start_date, end_date, status) VALUES ('4ea929e9-2fb9-4c92-8120-29e17dcd84f4', 'a56f5beb-b8a9-4170-ba5a-bea6b99e09c4', '7b302bcd-7450-4f04-9725-156938dfad50', '2024-05-27', '2024-06-10', 'pending');
INSERT INTO booking (booking_id, property_id, user_id, start_date, end_date, status) VALUES ('8da8be32-90f7-48b1-bfae-76f0d231f6ea', 'ef6b769e-6fb1-4188-b79d-5be50ef933aa', 'de73cfc3-9ab3-4f5b-bb93-9bdaa6830746', '2025-04-17', '2025-04-29', 'canceled');
INSERT INTO booking (booking_id, property_id, user_id, start_date, end_date, status) VALUES ('90ea5b99-8c3f-4340-afdc-da98d240d2a0', '20a7e3a4-37aa-40b2-b68d-7ca43d692ad8', '2d683bb9-9f05-45cf-a626-57797879d139', '2025-04-26', '2025-04-30', 'canceled');
INSERT INTO booking (booking_id, property_id, user_id, start_date, end_date, status) VALUES ('1f532c2c-6998-42a3-a55e-19fdc4478f38', '5f0636b7-c9dc-4765-92d1-9dab6d0e5306', 'd06c973a-3b01-4992-a2ed-21dff6cf16e1', '2024-06-13', '2024-06-15', 'canceled');
INSERT INTO booking (booking_id, property_id, user_id, start_date, end_date, status) VALUES ('577a9733-19d6-45a2-844c-9e4dd4e1f3c5', '5f427886-81ef-4044-abe5-5276a2be8ccd', 'f541d29f-d82a-4486-8c3b-c0b681dcd886', '2025-05-04', '2025-05-09', 'confirmed');
INSERT INTO booking (booking_id, property_id, user_id, start_date, end_date, status) VALUES ('e3de6216-3252-4a49-9d0b-69a12889b30d', '0184cd6c-6606-44f8-80e0-92e10ee5ae5f', '65325753-9ef6-413c-8a89-383b8b07942b', '2024-05-24', '2024-05-25', 'canceled');
INSERT INTO booking (booking_id, property_id, user_id, start_date, end_date, status) VALUES ('77e09bb7-4f60-4692-8846-9ac8ea8a19b3', '064969ed-2ee7-4c71-a738-d08242d7f14c', '0d29a2d0-532a-4d62-947f-a6ddc50044be', '2025-01-14', '2025-01-25', 'canceled');
INSERT INTO booking (booking_id, property_id, user_id, start_date, end_date, status) VALUES ('b7524cbe-9a55-44ed-b809-a49cf3c7751c', '192713d4-5d5f-487a-afd7-1312acfa1768', '0e8d3960-575c-4b9b-bf51-6e20e8a1854f', '2024-09-26', '2024-10-03', 'canceled');
INSERT INTO booking (booking_id, property_id, user_id, start_date, end_date, status) VALUES ('b936eb81-4f96-462b-ae8b-7c5c08b840a6', 'fe870f0b-d183-4a86-ba56-83d7a5c8d005', 'f1a1c653-71ba-480e-b029-59841791267c', '2024-07-31', '2024-08-05', 'canceled');
INSERT INTO booking (booking_id, property_id, user_id, start_date, end_date, status) VALUES ('9b106b06-e28a-44a6-b659-4d995b69d9ae', 'eb259021-e44a-4913-ac04-ddcdf5bd1c97', 'df1d4e47-004f-445e-926c-372569c68209', '2025-04-18', '2025-04-24', 'confirmed');
INSERT INTO booking (booking_id, property_id, user_id, start_date, end_date, status) VALUES ('7fd8a294-947b-4d93-996e-29d20461ad58', 'e4efd2ca-6adf-4a49-90ad-d2d6ec87b0c7', '960548e4-7684-42c9-a980-649a0d6a64d9', '2024-10-18', '2024-10-19', 'pending');
INSERT INTO booking (booking_id, property_id, user_id, start_date, end_date, status) VALUES ('6df6547b-a09c-4fc4-8da0-34a780e12e3d', '341ac6b2-485e-4bed-9d1d-b300ccd6a34d', 'a186f623-8e52-4c2e-834a-f300f7513bb1', '2024-12-19', '2024-12-24', 'canceled');
INSERT INTO booking (booking_id, property_id, user_id, start_date, end_date, status) VALUES ('97857a60-850f-4456-a1e1-22701b2dfa40', '0d48963e-9efd-47be-a165-911c5c69c870', 'a20b224a-d5c1-4b4f-854f-3f4d8162a3c8', '2025-02-05', '2025-02-07', 'confirmed');
INSERT INTO booking (booking_id, property_id, user_id, start_date, end_date, status) VALUES ('33e3879e-4643-44d7-8e08-71aadcaf4000', '43436180-9f5d-494b-a6ce-fc3837dc7826', '45a81dcd-08c8-415b-96f3-cbdbacebc761', '2025-01-17', '2025-01-27', 'confirmed');
INSERT INTO booking (booking_id, property_id, user_id, start_date, end_date, status) VALUES ('9d6a8c70-36f6-4c93-b450-72396d987db4', 'f2340e8c-d98a-43ec-91c4-7b55c828f764', '45a81dcd-08c8-415b-96f3-cbdbacebc761', '2024-06-25', '2024-07-03', 'pending');
INSERT INTO payment (payment_id, booking_id, amount, payment_method) VALUES ('de2b7067-8f09-494d-bcfc-9762538eccdd', 'cd901c62-8f2a-4f1d-937f-d4c9a45487ef', 745.06, 'credit_card');
INSERT INTO payment (payment_id, booking_id, amount, payment_method) VALUES ('f24c2e0d-9182-47d9-8586-c277ac20025f', '228d7fdc-0fb4-48cb-bf8e-4a61c860db06', 1252.07, 'credit_card');
INSERT INTO payment (payment_id, booking_id, amount, payment_method) VALUES ('89a0a9da-030c-4807-b5db-fa124cd10705', '97fad529-5d2a-4c82-ab87-29e2dac540fd', 1610.10, 'paypal');
INSERT INTO payment (payment_id, booking_id, amount, payment_method) VALUES ('effd649c-baaf-4657-938f-0ca6093e4e8f', '5837d198-188a-4374-885f-c8db0a9e35ea', 1118.21, 'paypal');
INSERT INTO payment (payment_id, booking_id, amount, payment_method) VALUES ('7a6eb109-0c32-47af-b201-4d4c974af718', 'cc452589-860f-4b82-8ee7-5709dbfd3767', 585.45, 'stripe');
INSERT INTO payment (payment_id, booking_id, amount, payment_method) VALUES ('8f9d42e2-062d-4ace-9b64-d100bfcb6a86', 'c59f9780-40fa-4c98-bd5a-bd7a207d0f8f', 184.27, 'paypal');
INSERT INTO payment (payment_id, booking_id, amount, payment_method) VALUES ('e1ec3a74-1a50-4768-87f6-d894c091cbbb', '12aefd9d-fa55-4eef-8700-ee7fdab6694a', 252.22, 'stripe');
INSERT INTO payment (payment_id, booking_id, amount, payment_method) VALUES ('f302b2d6-54be-4992-9a44-873b3ea2bdb7', 'c6ced904-b0f7-45a8-998b-98252ce14bfb', 756.92, 'credit_card');
INSERT INTO payment (payment_id, booking_id, amount, payment_method) VALUES ('0e8daa10-4c3c-4e3f-b914-c3a99d498161', '405d859f-6f3e-4900-9870-8af1b93ed762', 577.43, 'stripe');
INSERT INTO payment (payment_id, booking_id, amount, payment_method) VALUES ('f9dca31b-9d1c-41cc-84e2-7204738c75e7', '6c1642c3-fd24-4fbf-a11c-46d3f94709e3', 1497.65, 'paypal');
INSERT INTO payment (payment_id, booking_id, amount, payment_method) VALUES ('04da3449-b2a8-4b54-b6a3-ecc5a7c282f3', 'ed4121b1-f12b-4827-9c3c-34e5e8ff9ff0', 1082.11, 'paypal');
INSERT INTO payment (payment_id, booking_id, amount, payment_method) VALUES ('793878c5-ef54-4da1-8f60-0820d7cb1816', 'e2afdcf6-ad21-4fc5-9fb7-23793eb378ac', 583.81, 'paypal');
INSERT INTO payment (payment_id, booking_id, amount, payment_method) VALUES ('1bb14c36-9b2f-4d86-ba0d-a1bfdb94fa78', 'e738003e-7f39-4291-8f4f-5a080afa922e', 1756.75, 'credit_card');
INSERT INTO payment (payment_id, booking_id, amount, payment_method) VALUES ('92e3d33c-3d05-4774-9eeb-d1630287b037', 'de670168-0fad-4db7-af83-76b639be07d6', 184.56, 'stripe');
INSERT INTO payment (payment_id, booking_id, amount, payment_method) VALUES ('d65bebf5-706c-40f5-bfb7-54b55132682e', 'a6a96f8f-9a10-49ad-bc09-1deec04c6d25', 237.44, 'paypal');
INSERT INTO payment (payment_id, booking_id, amount, payment_method) VALUES ('c1790ee2-35a4-45d5-8b4a-b4183f711f4b', 'b44c23db-0dcb-4f18-bcbb-a6992bcd508e', 1041.07, 'paypal');
INSERT INTO payment (payment_id, booking_id, amount, payment_method) VALUES ('532ba03b-e6d7-4442-a21b-7755991b86e5', '15d2463c-fb36-46cc-ab6e-ee3778cec8b6', 190.19, 'paypal');
INSERT INTO payment (payment_id, booking_id, amount, payment_method) VALUES ('81005f20-eada-4617-b313-c6ec7d0c617f', '53478f1a-a741-4a03-9f58-38c7cc7565c8', 1959.90, 'paypal');
INSERT INTO payment (payment_id, booking_id, amount, payment_method) VALUES ('4616a5e8-432c-4ad9-8777-8832c6cea8be', '97083726-b4ec-4fbd-b9cc-97e3b51891f3', 936.21, 'credit_card');
INSERT INTO payment (payment_id, booking_id, amount, payment_method) VALUES ('94b734e9-cd63-4629-ab1b-97e0bf19ad7d', '99d5a327-cc9e-4028-992a-0a09151afa7a', 254.81, 'credit_card');
INSERT INTO payment (payment_id, booking_id, amount, payment_method) VALUES ('e116b68b-4bb0-4de9-9f47-e7027e8e7937', 'be378316-f008-40cd-8a91-557fab03a6b8', 1669.90, 'credit_card');
INSERT INTO payment (payment_id, booking_id, amount, payment_method) VALUES ('301baa85-3fb1-4c58-8b83-9b52ebca1bf9', '16a582a4-843a-40dc-82f4-e22f33a2cbc6', 886.62, 'credit_card');
INSERT INTO payment (payment_id, booking_id, amount, payment_method) VALUES ('1de1248c-7d37-4204-84dc-d1fe1b70b9bd', '6402bb23-a87f-44f4-8063-431797ec4c7b', 937.22, 'credit_card');
INSERT INTO payment (payment_id, booking_id, amount, payment_method) VALUES ('406a202f-9e7e-4353-9474-3277b13c145b', '0802cb94-ca3e-46ed-a8ec-932da50027c2', 1654.22, 'stripe');
INSERT INTO payment (payment_id, booking_id, amount, payment_method) VALUES ('672f86d4-c5ff-40b0-84db-ace243c86839', 'd2bea6e5-2640-4b22-a305-9cce3264c0bc', 1534.17, 'paypal');
INSERT INTO payment (payment_id, booking_id, amount, payment_method) VALUES ('cd430f82-957e-4124-857c-32164cce234c', '7f30cd7f-0e56-4643-b073-897e36bcbfde', 174.77, 'credit_card');
INSERT INTO payment (payment_id, booking_id, amount, payment_method) VALUES ('a423aaa0-f508-4674-bbcd-0a05da1f0b44', 'ae1af62e-582f-4857-b4fd-205c536d4ce5', 574.48, 'credit_card');
INSERT INTO payment (payment_id, booking_id, amount, payment_method) VALUES ('f1c8328f-0f32-4f1d-8550-0e69fbe704ae', '40f7e982-5db2-46a8-890e-acc801863c2f', 343.36, 'paypal');
INSERT INTO payment (payment_id, booking_id, amount, payment_method) VALUES ('6da8ac56-ec2e-474c-9193-65500c062be5', '62ba6f3d-fefa-42ed-a00f-5eda23975994', 1875.48, 'paypal');
INSERT INTO payment (payment_id, booking_id, amount, payment_method) VALUES ('948cfe88-a402-45b1-988b-28b40f7f4917', 'bb319f93-3fa5-4703-9325-20f488c57f36', 1989.87, 'credit_card');
INSERT INTO payment (payment_id, booking_id, amount, payment_method) VALUES ('59cc7686-c8c5-419f-bb17-4e5d524373d7', '312b75b4-77ee-4689-9a91-edd86d4a3ae0', 1158.40, 'paypal');
INSERT INTO payment (payment_id, booking_id, amount, payment_method) VALUES ('de570c6d-554f-40d9-88c1-2bddbde4ae57', 'cd103fdc-c176-421f-8a9b-3036e5294f81', 1259.16, 'credit_card');
INSERT INTO payment (payment_id, booking_id, amount, payment_method) VALUES ('df54dd47-a6dd-4e6c-87c6-d01c5d6af483', '7c2ebf49-1c33-4127-9bd9-f4b2a70b18b6', 1451.03, 'paypal');
INSERT INTO payment (payment_id, booking_id, amount, payment_method) VALUES ('863f6a05-2809-491b-95a6-d3f296b08c19', '3cf0125a-e1c9-4cac-95ac-ce719690046f', 1076.67, 'paypal');
INSERT INTO payment (payment_id, booking_id, amount, payment_method) VALUES ('1a9e1571-83a9-416b-965e-b4b3d3131c84', '3f1c7cfd-6b52-438e-9599-336eb8910811', 1118.71, 'paypal');
INSERT INTO payment (payment_id, booking_id, amount, payment_method) VALUES ('93d0a9d8-81d9-43d5-9ba3-42b03a321531', '8598b078-df2c-48e2-a00f-93f2a7ea93d7', 617.84, 'credit_card');
INSERT INTO payment (payment_id, booking_id, amount, payment_method) VALUES ('d1a8941c-48f9-4bdd-ba15-613cc753f658', 'b2a06124-1373-4340-925b-d041d545cf3e', 325.59, 'stripe');
INSERT INTO payment (payment_id, booking_id, amount, payment_method) VALUES ('450a34c0-0293-4ad0-96c5-1c57332de4ba', 'ab8bf805-e8a4-4e6d-9418-33834b05aeee', 287.91, 'stripe');
INSERT INTO payment (payment_id, booking_id, amount, payment_method) VALUES ('c9f23651-ccd2-46bc-81f6-a8c7c7c27e0f', 'c2e69ca0-0dde-4e05-9ff0-375f97e6e132', 887.85, 'credit_card');
INSERT INTO payment (payment_id, booking_id, amount, payment_method) VALUES ('dcd96135-0b2e-4219-a268-ba83f19f2449', '4b408989-3eaf-4113-8061-69fd0161d2f3', 640.66, 'stripe');
INSERT INTO payment (payment_id, booking_id, amount, payment_method) VALUES ('47de8d82-3f11-43bc-ad93-aa4d3c77f7e8', 'e1bd41e2-bcb7-4996-b431-9f3f10098438', 1994.58, 'credit_card');
INSERT INTO payment (payment_id, booking_id, amount, payment_method) VALUES ('1dc6c577-bb0e-4c89-8b2d-eb731e3a0626', 'bdae281a-53f2-4136-b93f-fb5401c78719', 1509.65, 'stripe');
INSERT INTO payment (payment_id, booking_id, amount, payment_method) VALUES ('24e1b72e-2c67-461a-92d0-a323f1ee1ed0', '30e8d9be-1a8f-4080-913b-df6dcd313603', 913.71, 'credit_card');
INSERT INTO payment (payment_id, booking_id, amount, payment_method) VALUES ('89313914-98cd-4fc1-a748-e224a69c7475', 'fafb43d6-d644-48d2-889c-b0aae04ca009', 331.41, 'stripe');
INSERT INTO payment (payment_id, booking_id, amount, payment_method) VALUES ('12383ade-9904-44e3-b199-edfe45fd8b70', '971c640e-fdb1-4da8-b05f-144c9dcb7f1a', 617.72, 'stripe');
INSERT INTO payment (payment_id, booking_id, amount, payment_method) VALUES ('e10edbe7-49f4-4cae-825b-2e9960aa6695', 'b789a052-7961-4e63-8c20-09612fda1abe', 1172.87, 'credit_card');
INSERT INTO payment (payment_id, booking_id, amount, payment_method) VALUES ('f7e3160a-bb01-48eb-bff1-b18f0ea0baba', '7dfcaf55-7135-4c56-96aa-509a6d9391cb', 1382.28, 'stripe');
INSERT INTO payment (payment_id, booking_id, amount, payment_method) VALUES ('954cec78-1252-482c-83a2-604fb10f2525', 'bca562b2-e51b-4391-bc9d-828ae011a901', 1138.61, 'paypal');
INSERT INTO payment (payment_id, booking_id, amount, payment_method) VALUES ('2fdc6065-a424-4247-b9da-ca4efd645c64', 'd51e7e8c-c133-49a9-b5f2-aee54766c27b', 520.96, 'credit_card');
INSERT INTO payment (payment_id, booking_id, amount, payment_method) VALUES ('28cade00-44ba-4c2b-ba89-f5300f6aa8e5', '97928834-97ba-4b49-aad1-39ef47301df0', 223.10, 'paypal');
INSERT INTO payment (payment_id, booking_id, amount, payment_method) VALUES ('55897467-e02b-4491-9c60-147c2960a949', '81a64b92-8d52-40fb-8377-ba9fcd60fb74', 1381.83, 'credit_card');
INSERT INTO payment (payment_id, booking_id, amount, payment_method) VALUES ('41039700-7723-4368-810c-926d15323b0f', '5dbf4fe7-07c3-476e-87d8-bd3ecbbdaf9e', 809.07, 'paypal');
INSERT INTO payment (payment_id, booking_id, amount, payment_method) VALUES ('21fb0031-875a-4974-b3c0-d5982ba2c7b7', '55e4f069-c0e2-4287-9577-702b055b1c26', 644.98, 'credit_card');
INSERT INTO payment (payment_id, booking_id, amount, payment_method) VALUES ('92379251-0a74-4cec-bca0-a728982ec862', '71670c71-efe8-4e2b-bc86-7220ff93a843', 360.85, 'credit_card');
INSERT INTO payment (payment_id, booking_id, amount, payment_method) VALUES ('0c9ed72e-0a66-4636-98ea-ee0bc05c4156', '99828fc9-72e4-4409-ba44-bbb5ae260d84', 1150.93, 'paypal');
INSERT INTO payment (payment_id, booking_id, amount, payment_method) VALUES ('49d2c4bf-e5e0-4e51-944d-f175c7c6b04b', '75068718-48df-4ed6-a560-84a7406cdbfe', 797.28, 'stripe');
INSERT INTO payment (payment_id, booking_id, amount, payment_method) VALUES ('f5326486-5cdf-4ddd-81c9-dbc1142b2b79', '2dc163ca-2a1a-4349-9f32-f453558a3cd7', 148.04, 'credit_card');
INSERT INTO payment (payment_id, booking_id, amount, payment_method) VALUES ('b970cd5c-58c5-4856-a74a-9f56f4930291', '4d68d4fe-fe52-4891-8588-a35adc2e691a', 1766.00, 'credit_card');
INSERT INTO payment (payment_id, booking_id, amount, payment_method) VALUES ('41baf84a-2b1b-46fa-810b-6ecd128219cd', '089c808d-9f4f-4a9e-855b-d2aa1a1c35db', 1953.94, 'stripe');
INSERT INTO payment (payment_id, booking_id, amount, payment_method) VALUES ('42454fac-64bc-4eca-b1d5-21f41bb3511d', '7142e6b3-e4f7-4460-a8f1-583277d158ab', 1983.33, 'credit_card');
INSERT INTO payment (payment_id, booking_id, amount, payment_method) VALUES ('a0e0a737-c299-42ad-937d-38996adbe10d', 'fb9ec9ec-c2ed-4bbf-b396-73f0d1ca1110', 1553.58, 'paypal');
INSERT INTO payment (payment_id, booking_id, amount, payment_method) VALUES ('9e44519a-4519-4c8f-bb85-d7c178c79b5e', 'ae346b05-6cbc-41c2-b324-27c4ac52b64b', 1182.05, 'stripe');
INSERT INTO payment (payment_id, booking_id, amount, payment_method) VALUES ('86974be3-f7aa-4c7b-adf0-9e6016bf56c2', '2e8463d2-282b-44fd-8688-dd1735004114', 1941.68, 'credit_card');
INSERT INTO payment (payment_id, booking_id, amount, payment_method) VALUES ('90159e73-fff3-4faa-adaf-b356a60767d9', '74d7a304-af5f-485f-a7c9-af102ed26f45', 1491.87, 'credit_card');
INSERT INTO payment (payment_id, booking_id, amount, payment_method) VALUES ('96b9b312-477a-4b9d-864f-3860744cd62a', '2b479603-be71-4659-acb0-c8be525e69cb', 1543.94, 'paypal');
INSERT INTO payment (payment_id, booking_id, amount, payment_method) VALUES ('b1e1018a-7bf3-4c80-95b5-89b74357bc1d', '552c369b-c09f-468e-bef6-e67846332615', 1256.15, 'credit_card');
INSERT INTO payment (payment_id, booking_id, amount, payment_method) VALUES ('8c459780-62e0-4ecc-9626-8a70dd9d2459', '1f0a5e21-7a84-4a93-834d-bd9b3c18fe7b', 1295.08, 'credit_card');
INSERT INTO payment (payment_id, booking_id, amount, payment_method) VALUES ('f4ed0aff-7c2e-4e25-89bd-fb835ee03f9c', '8a33f189-763e-450a-aa50-4c97f99e4391', 1270.43, 'credit_card');
INSERT INTO payment (payment_id, booking_id, amount, payment_method) VALUES ('ace09653-e4de-4330-bb39-8b2fe64ce84a', '83fb933a-9a0e-41e2-a016-7de5a2a78235', 1100.23, 'paypal');
INSERT INTO payment (payment_id, booking_id, amount, payment_method) VALUES ('35603db2-d38a-442a-80cc-d7f06a563c01', '0c6b913c-046c-4ce9-8c10-f6740f7649ef', 1029.48, 'paypal');
INSERT INTO payment (payment_id, booking_id, amount, payment_method) VALUES ('77eefea1-1904-4604-9795-4f4eff861792', '34ed5cee-eead-4625-b032-7a2641c6e91d', 124.01, 'credit_card');
INSERT INTO payment (payment_id, booking_id, amount, payment_method) VALUES ('d901a46a-e3e0-46c4-9201-7d259c198099', '535bf21f-a442-4113-9eca-a0e24400fe8e', 1155.49, 'credit_card');
INSERT INTO payment (payment_id, booking_id, amount, payment_method) VALUES ('021a3617-8f44-4b2d-a677-64b88594f757', '44f9d180-09c7-4aab-8567-49139df25d42', 1355.61, 'paypal');
INSERT INTO payment (payment_id, booking_id, amount, payment_method) VALUES ('0bf33e29-0949-40b8-9b87-f238736e94f9', '2380c4af-fb05-42c5-9111-05a894e5638b', 1637.55, 'stripe');
INSERT INTO payment (payment_id, booking_id, amount, payment_method) VALUES ('b50c7370-6260-40fe-8d31-52ff19c35a97', 'b37c1b35-baed-4e4f-8131-859a4f4923b8', 1013.74, 'paypal');
INSERT INTO payment (payment_id, booking_id, amount, payment_method) VALUES ('47181210-49f3-4158-97ac-eb6ad257f3b3', '13aea237-a74f-4231-9a62-c8d3232df366', 1438.03, 'credit_card');
INSERT INTO payment (payment_id, booking_id, amount, payment_method) VALUES ('9924b2d4-9b72-488d-af41-5eb305635ea2', 'ca8455b4-24aa-433f-8949-8421bf612eea', 592.40, 'stripe');
INSERT INTO payment (payment_id, booking_id, amount, payment_method) VALUES ('3dbdb9e0-6550-47d9-909c-22316550a1eb', 'f5defefe-66ce-4953-9974-0729877f63dd', 863.52, 'credit_card');
INSERT INTO payment (payment_id, booking_id, amount, payment_method) VALUES ('f15a66f2-8498-4a18-ac94-cfd153fed625', '71a243a3-9864-4534-a062-15073a8fd98f', 1661.22, 'paypal');
INSERT INTO payment (payment_id, booking_id, amount, payment_method) VALUES ('e0b7c4a2-0951-44e6-8799-1b003603193a', '257c4eee-3224-4915-8a9b-a39365626dbf', 829.78, 'credit_card');
INSERT INTO payment (payment_id, booking_id, amount, payment_method) VALUES ('5df34017-e5af-45fd-a158-c98f2441dd92', '10115a01-a31b-4160-8c83-efb69bb27879', 496.46, 'paypal');
INSERT INTO payment (payment_id, booking_id, amount, payment_method) VALUES ('6024d3f7-a74c-4d48-9565-23dd0988cf01', 'e2dad865-3226-4e91-9ed3-930f3be73341', 1480.27, 'credit_card');
INSERT INTO payment (payment_id, booking_id, amount, payment_method) VALUES ('4c9c8995-8bee-4d8e-9dab-fd2e05c34740', '1ebcd668-6b9d-4934-9d1f-95d0f0def33b', 752.01, 'paypal');
INSERT INTO payment (payment_id, booking_id, amount, payment_method) VALUES ('72e2b789-3fcb-44ee-b639-0d7b08cc24df', '43fcd600-d3b3-479b-a524-56bcdbd471cb', 1370.02, 'stripe');
INSERT INTO payment (payment_id, booking_id, amount, payment_method) VALUES ('89e550b5-8fd3-4f52-9a0d-5c59d897a43d', '95bca4f9-481f-46eb-89c6-dfc48b5c6141', 1349.88, 'paypal');
INSERT INTO payment (payment_id, booking_id, amount, payment_method) VALUES ('e1e567f9-ad05-4d64-aeab-b99b7577dc93', 'eb986f35-5172-4738-80de-717a59d3d8ac', 753.93, 'credit_card');
INSERT INTO payment (payment_id, booking_id, amount, payment_method) VALUES ('dc536448-3efc-4f99-9988-018e74a89b1b', 'eb77c1f2-4bb8-46a7-9382-667f627cea6b', 679.31, 'paypal');
INSERT INTO payment (payment_id, booking_id, amount, payment_method) VALUES ('3f861cbf-0346-4226-b2b1-08ba430e2ec0', '24b433a9-1865-4ad4-bd13-4d547041e8e4', 1189.83, 'credit_card');
INSERT INTO payment (payment_id, booking_id, amount, payment_method) VALUES ('c7964ebb-cfe9-4ede-8711-e885e1c1ed6e', '35db4ac3-bec4-455d-a3e6-aeec212215ce', 1491.40, 'credit_card');
INSERT INTO payment (payment_id, booking_id, amount, payment_method) VALUES ('16f92199-786d-4491-aa01-ce2f1c4b0324', 'ed24e063-3cd3-4e99-9fa5-3759bc88ec03', 771.50, 'paypal');
INSERT INTO payment (payment_id, booking_id, amount, payment_method) VALUES ('2468fab4-7f75-448c-8852-c819f026dd17', '20931838-d8bb-4a68-afbc-f25268cbb03f', 1292.88, 'credit_card');
INSERT INTO payment (payment_id, booking_id, amount, payment_method) VALUES ('37d15d5b-3e25-4ab5-9c1b-86821bf8a1f4', '83ee6269-e4e6-4e3a-83d0-61432a86f98e', 558.79, 'credit_card');
INSERT INTO payment (payment_id, booking_id, amount, payment_method) VALUES ('44d1ae69-a4f0-4131-bddb-c6ff99eed6fb', 'e811acb0-134e-4522-8a6d-4f7dc392c143', 528.97, 'stripe');
INSERT INTO payment (payment_id, booking_id, amount, payment_method) VALUES ('648a2d28-ec0f-4585-b8b3-89a1155b9e65', 'd7966961-524b-465c-a3d1-c27b88866f1b', 720.67, 'credit_card');
INSERT INTO payment (payment_id, booking_id, amount, payment_method) VALUES ('6ec8bcc1-2a6d-4c56-9e81-ba1e2cc055c9', '972edff0-fcc8-4f16-9562-a3767e61abd4', 755.36, 'stripe');
INSERT INTO payment (payment_id, booking_id, amount, payment_method) VALUES ('3161934e-eee9-4a43-95fb-a412043d377d', '6fabd6a7-c1ad-46b3-811b-5eb2c44918e5', 903.04, 'credit_card');
INSERT INTO payment (payment_id, booking_id, amount, payment_method) VALUES ('0955a2c4-b94a-4ddc-81a0-1318adac7625', 'e523e7a7-6c87-4824-a30b-fe862fc05919', 953.04, 'credit_card');
INSERT INTO payment (payment_id, booking_id, amount, payment_method) VALUES ('41c839af-0806-41f8-9813-88ccc952290c', '2036bfe7-b2b2-4267-af79-8258c0f54584', 780.27, 'credit_card');
INSERT INTO payment (payment_id, booking_id, amount, payment_method) VALUES ('bd3c5c42-7242-4dbd-a9a0-76529f3efb36', '4b724255-9be4-41ec-921b-6e88724d0443', 1333.24, 'stripe');
INSERT INTO payment (payment_id, booking_id, amount, payment_method) VALUES ('3048ee15-017a-43b2-8261-cef89245948f', '433ab9a4-470a-42e4-8514-394c67c148b7', 1974.91, 'stripe');
INSERT INTO review (review_id, property_id, user_id, rating, comment) VALUES ('d1be9c7b-7c84-48df-814d-73a099665bfa', '0184cd6c-6606-44f8-80e0-92e10ee5ae5f', '67ab4a51-8721-4344-b287-6fb3d5d11fa2', 1, 'Debate bed value sense case dog.');
INSERT INTO review (review_id, property_id, user_id, rating, comment) VALUES ('7b4d05c5-2696-4eb7-a875-6039d0ff3006', '0184cd6c-6606-44f8-80e0-92e10ee5ae5f', '64f91967-5341-4d98-8494-48ab9d414eab', 5, 'Democratic summer itself tax.');
INSERT INTO review (review_id, property_id, user_id, rating, comment) VALUES ('542e3178-a42b-495f-94f7-a23187770c04', '03651e40-4d8c-41a9-8dc8-abf006c88ac8', '0e8d3960-575c-4b9b-bf51-6e20e8a1854f', 4, 'Whether exactly resource.');
INSERT INTO review (review_id, property_id, user_id, rating, comment) VALUES ('15b5f5ad-3124-483f-b6dc-8cedaa419eac', '7f5d2b04-e294-4020-ab97-ba43f3056558', '960548e4-7684-42c9-a980-649a0d6a64d9', 5, 'Which big send guy thing.');
INSERT INTO review (review_id, property_id, user_id, rating, comment) VALUES ('b60332b5-e021-4f17-aaed-c3e6007d2650', '14694226-8f2b-4578-bb14-06e28ac37e43', '2d91befd-de61-490f-965e-a627ec40d29c', 4, 'Young meeting material deep anything town.');
INSERT INTO review (review_id, property_id, user_id, rating, comment) VALUES ('e87c409d-ebbd-4dde-8e1b-58842f689f1c', '7ad0fb3f-10b2-4e5d-a517-361501258c8b', 'a186f623-8e52-4c2e-834a-f300f7513bb1', 5, 'Enter political site beyond.');
INSERT INTO review (review_id, property_id, user_id, rating, comment) VALUES ('f1d85d2d-5ce4-4c96-8cdc-864d6311d612', '9d729eb3-233b-4fbb-a5ba-04dd3ef114bf', 'ad287012-3970-40e5-98f2-ba7ab6d505b5', 5, 'Boy executive year drive small smile.');
INSERT INTO review (review_id, property_id, user_id, rating, comment) VALUES ('42abbebf-5007-43d7-a700-35bd3f3079f8', '89361f91-0c5d-4d15-a68f-7576d05f2d85', '67cc975c-0cfe-4bba-9791-5320d058a20f', 2, 'Benefit lose trade different.');
INSERT INTO review (review_id, property_id, user_id, rating, comment) VALUES ('05fce6c5-9645-4ef0-877d-a7ba3f634288', '49885af6-b29c-4fec-b0de-7125feb2c88d', 'e822f4ac-6477-434c-aed8-3043dbc55f94', 2, 'Case research approach live necessary.');
INSERT INTO review (review_id, property_id, user_id, rating, comment) VALUES ('bb6ec345-e3ae-4090-8e5f-f8ac547fc698', '2657e780-c775-45e6-b1ff-7ff896bf78c1', 'e2bcef7e-08a8-4135-a821-3a489ebb7256', 1, 'Than design staff forward respond bill.');
INSERT INTO review (review_id, property_id, user_id, rating, comment) VALUES ('80d0c204-cf1e-4fcd-9487-23b03a3be37d', '7ad0fb3f-10b2-4e5d-a517-361501258c8b', 'dd89ab30-9283-43e1-9032-32b18d7776c2', 5, 'Dark power energy look source protect owner.');
INSERT INTO review (review_id, property_id, user_id, rating, comment) VALUES ('5e8ef6a4-84e2-4c9d-ac44-f12f9b27232f', '7ad0fb3f-10b2-4e5d-a517-361501258c8b', 'e9cf0faa-fba8-484c-a65f-b0b5730bdd73', 1, 'Identify involve hospital capital others majority something.');
INSERT INTO review (review_id, property_id, user_id, rating, comment) VALUES ('562198c0-7a70-4481-94a4-beb07a81da2b', '8b706777-20e1-4e32-9a02-6b88a4b2a66c', '190ea845-89d5-40ea-a300-3f01b3baff19', 1, 'Tough radio not account land why thought how.');
INSERT INTO review (review_id, property_id, user_id, rating, comment) VALUES ('7d48620e-75ae-4baf-9f27-56bf49ce9f7c', '40379d7b-d924-441a-96a1-9cf4ad0f5e28', '36626c34-d394-4e92-8999-ade7a9ca27b5', 4, 'Often agency spring interview room.');
INSERT INTO review (review_id, property_id, user_id, rating, comment) VALUES ('013231d7-7dd2-4b4b-a7fc-c133d9903882', '0abbe886-466b-4709-82bd-49f0c422ccf3', 'ef5d1406-35b2-41a2-a6c3-b6a3f4ea25ef', 5, 'Occur person social.');
INSERT INTO review (review_id, property_id, user_id, rating, comment) VALUES ('675810bb-2c8e-4ead-87e6-5b29301bda9f', 'f576d357-bb35-4114-ab32-e3882eec6638', '960548e4-7684-42c9-a980-649a0d6a64d9', 3, 'Apply western feeling.');
INSERT INTO review (review_id, property_id, user_id, rating, comment) VALUES ('df768a99-13cb-4818-93b5-0fa19eaf6e52', 'f60b5c79-44dc-42c5-9483-1ab57cdc958c', '0e8d3960-575c-4b9b-bf51-6e20e8a1854f', 4, 'Popular too high inside somebody analysis.');
INSERT INTO review (review_id, property_id, user_id, rating, comment) VALUES ('5c3d2246-41f2-42eb-b396-dad302ed2ba2', '13005b3c-6515-4a85-a713-2f59d451a167', '36626c34-d394-4e92-8999-ade7a9ca27b5', 1, 'And give source share budget ready.');
INSERT INTO review (review_id, property_id, user_id, rating, comment) VALUES ('64546eaf-46c0-4a27-afe3-2c54fa4353db', '33170d02-4026-4d0b-b4be-5c3d41cf9b53', '85a0cc7c-67e7-4898-83d0-6f1a0bf3d286', 3, 'Theory moment better.');
INSERT INTO review (review_id, property_id, user_id, rating, comment) VALUES ('7b68a3f4-09ce-43c6-bc05-c10e7a6ec2e9', '670aad4c-5095-449d-b037-cb77e9c1d815', '9854c17d-634d-4e72-ac4e-8299c7b12a13', 2, 'Senior alone option in evidence board business.');
INSERT INTO review (review_id, property_id, user_id, rating, comment) VALUES ('1260640a-c244-4ab4-9cee-739d3cfc90f3', 'fe870f0b-d183-4a86-ba56-83d7a5c8d005', '9076c1c1-e0a6-46f3-b99c-c2b0b6154500', 5, 'Never discuss truth trial.');
INSERT INTO review (review_id, property_id, user_id, rating, comment) VALUES ('91e790e0-66fa-46df-ab3e-81f102f048ef', 'f2671656-e620-41bc-a75b-5fa08d3b4556', '00b00095-9c2c-4bbd-b457-f346c8a14b6b', 4, 'Daughter miss maintain avoid direction hour.');
INSERT INTO review (review_id, property_id, user_id, rating, comment) VALUES ('7e1d6fb5-2f17-4fe7-b701-3f700b24459e', 'f60b5c79-44dc-42c5-9483-1ab57cdc958c', '49116898-8839-4262-aa1b-b35270d0347b', 4, 'At direction share budget its pull inside.');
INSERT INTO review (review_id, property_id, user_id, rating, comment) VALUES ('9891b06d-5d12-4251-b06c-752ad6d80e16', '2e30b6b3-d1ce-4681-9a3e-f9110fcab5f9', 'cdf36fe5-0841-4ab7-b390-3d3c7e197830', 3, 'Speech near need recently hospital red score speak.');
INSERT INTO review (review_id, property_id, user_id, rating, comment) VALUES ('0525fe7b-9793-4c5d-9bd3-e4382490b178', '8c689681-51d3-4825-82c5-2fdd12daee82', '722fc31a-c86a-490f-a98a-6926c288215f', 5, 'Theory hit look.');
INSERT INTO review (review_id, property_id, user_id, rating, comment) VALUES ('cff99eea-372b-4823-a22a-d6d0a89c6ae5', 'eb259021-e44a-4913-ac04-ddcdf5bd1c97', '031ff6b1-0e93-4a69-8e6b-5521661ee760', 5, 'Others sort forward policy mouth success federal.');
INSERT INTO review (review_id, property_id, user_id, rating, comment) VALUES ('60cf4da1-5366-4e63-b847-cee770a3966b', '09840212-3df5-4d63-b9a0-e1dc216ae610', 'c2af9b13-94fd-47f9-b66b-a734f2b73958', 3, 'Maybe future stay rich dream memory evening.');
INSERT INTO review (review_id, property_id, user_id, rating, comment) VALUES ('8d96c35b-3237-418d-b3b6-8b8b1f5183ce', '43436180-9f5d-494b-a6ce-fc3837dc7826', '031ff6b1-0e93-4a69-8e6b-5521661ee760', 4, 'Focus floor subject debate believe federal.');
INSERT INTO review (review_id, property_id, user_id, rating, comment) VALUES ('7471fc71-278a-4789-8177-85586bb67edd', '2e30b6b3-d1ce-4681-9a3e-f9110fcab5f9', '2634a7bf-b039-4ef6-875f-ad379eb0633f', 1, 'Drug wall clearly defense.');
INSERT INTO review (review_id, property_id, user_id, rating, comment) VALUES ('875d09bf-a7a6-4471-8b9e-7c87251c0231', '9f67952d-7ba0-4827-bc7e-7ad3f147b8e1', '978c4e9c-0203-46c2-ac0c-cc10b13903cf', 4, 'Term each mission hair tell one live.');
INSERT INTO review (review_id, property_id, user_id, rating, comment) VALUES ('55c6a806-5ca5-41e1-9fe7-fe3ae825d5c0', '66e815f6-56a4-4b5f-8479-e6c40794a5b2', '89718559-f433-4e0f-9abb-646bed7c5eb2', 3, 'World police space specific.');
INSERT INTO review (review_id, property_id, user_id, rating, comment) VALUES ('00869632-b842-499b-9811-653d0fd664de', '2c05cd34-4d83-409d-9d47-409a15c220ee', '031ff6b1-0e93-4a69-8e6b-5521661ee760', 3, 'Across hotel agent clear art.');
INSERT INTO review (review_id, property_id, user_id, rating, comment) VALUES ('9625c870-62d3-41cf-aeac-f8bb3f3ec060', '43436180-9f5d-494b-a6ce-fc3837dc7826', 'b4dad950-6958-4005-9373-34a8b360d19a', 5, 'Four interview return American under product.');
INSERT INTO review (review_id, property_id, user_id, rating, comment) VALUES ('9466a0bc-4723-4e18-a16b-978cc9dc0c9d', '064969ed-2ee7-4c71-a738-d08242d7f14c', 'c18bc92a-2d9e-42e7-8be1-36d568f8e1cd', 3, 'Opportunity trade along which worry door tonight.');
INSERT INTO review (review_id, property_id, user_id, rating, comment) VALUES ('c771c0ec-c176-47a2-ad46-fceff8430059', '43436180-9f5d-494b-a6ce-fc3837dc7826', '29e15380-b4f0-4fe7-a4b6-96f79648d3f1', 2, 'Interesting measure value two east avoid.');
INSERT INTO review (review_id, property_id, user_id, rating, comment) VALUES ('b3e78ac1-a5a4-4684-90ec-a9d85f931708', '7f5d2b04-e294-4020-ab97-ba43f3056558', '2bde3efe-3fff-4287-8a5a-7ae21ac717db', 5, 'Per east actually response.');
INSERT INTO review (review_id, property_id, user_id, rating, comment) VALUES ('96b41d4b-400c-499f-bfee-c55ba96fa65e', 'f60b5c79-44dc-42c5-9483-1ab57cdc958c', 'a501347f-44b4-4353-89b1-b1f6150a121d', 3, 'Everybody rock after level pattern side.');
INSERT INTO review (review_id, property_id, user_id, rating, comment) VALUES ('7171ce5d-4efc-45c7-833a-f4e933cdd6bd', '38939ca0-a2b7-4d37-b974-1716ff275525', 'cd288d3e-9beb-41a6-9aa4-669ff2b47f6b', 5, 'Although president across human.');
INSERT INTO review (review_id, property_id, user_id, rating, comment) VALUES ('0ea81017-91b6-4317-b2f6-5a9805e157c2', 'e520556b-09e4-4a3d-86de-f53586ab444f', 'e2bcef7e-08a8-4135-a821-3a489ebb7256', 5, 'Without finish weight theory.');
INSERT INTO review (review_id, property_id, user_id, rating, comment) VALUES ('0dddfa8d-0595-41b6-be1e-95bb39649e50', '20a7e3a4-37aa-40b2-b68d-7ca43d692ad8', '2634a7bf-b039-4ef6-875f-ad379eb0633f', 5, 'Discussion would arrive teacher where close democratic.');
INSERT INTO review (review_id, property_id, user_id, rating, comment) VALUES ('414fe1d0-dd7c-499b-9522-e6877661ba75', '43436180-9f5d-494b-a6ce-fc3837dc7826', 'bfa15966-1c58-42e0-85c1-63f03f4fb627', 2, 'Team middle model pick.');
INSERT INTO review (review_id, property_id, user_id, rating, comment) VALUES ('506ccfce-7c69-415f-847e-173ee8257b7d', '3bc2c86f-3d35-47c9-ae5b-a82a2042aad6', 'e822f4ac-6477-434c-aed8-3043dbc55f94', 1, 'Type focus discuss our five purpose everything.');
INSERT INTO review (review_id, property_id, user_id, rating, comment) VALUES ('dbdd04ac-fc37-4e9d-9988-635104ddd1fb', 'ca10caf0-cdfe-4391-8b55-5c65b4430242', '016e5382-0b93-46ad-add7-20ce276edb66', 5, 'Thought whatever over structure.');
INSERT INTO review (review_id, property_id, user_id, rating, comment) VALUES ('f5bd44cb-040d-4d81-8185-bd9045d433ca', '3bc2c86f-3d35-47c9-ae5b-a82a2042aad6', '978c4e9c-0203-46c2-ac0c-cc10b13903cf', 3, 'Blue since long economic.');
INSERT INTO review (review_id, property_id, user_id, rating, comment) VALUES ('003044a3-25e7-44b4-9fb3-9f2d592ebbc3', '670aad4c-5095-449d-b037-cb77e9c1d815', '36626c34-d394-4e92-8999-ade7a9ca27b5', 3, 'Also money system involve.');
INSERT INTO review (review_id, property_id, user_id, rating, comment) VALUES ('2bfedd0e-22e3-40c0-be9a-c1101c90d94b', '8994c724-9b37-41b8-a3d8-9a2519a54d2b', 'ec72412d-9981-4bc1-896b-c05e2b2a8597', 4, 'Feel wear official area agency.');
INSERT INTO review (review_id, property_id, user_id, rating, comment) VALUES ('92424e8b-9251-4060-aa6a-ba09c227c00b', 'df558f84-8a62-4f80-9b27-a8057e0324b5', 'c35146a6-0b78-4176-b7f3-5c2f73dfb5b9', 2, 'Speech lawyer west particularly everything former.');
INSERT INTO review (review_id, property_id, user_id, rating, comment) VALUES ('b0268124-ef7a-4a9b-a1f8-91c13322ee88', '0d48963e-9efd-47be-a165-911c5c69c870', 'cc9ef611-d9ad-47cd-ab47-3fdf2d2e591e', 5, 'Woman at kid box run would.');
INSERT INTO review (review_id, property_id, user_id, rating, comment) VALUES ('3f8d2e49-6159-4222-a755-f68b4f28fbf4', 'e4efd2ca-6adf-4a49-90ad-d2d6ec87b0c7', '71009437-2a60-4002-babd-c271c40e538b', 2, 'Full describe economy goal.');
INSERT INTO review (review_id, property_id, user_id, rating, comment) VALUES ('2d5d500d-b9d1-49be-bd06-2bf7c88e5424', 'f60b5c79-44dc-42c5-9483-1ab57cdc958c', 'cdf36fe5-0841-4ab7-b390-3d3c7e197830', 4, 'Effect themselves action sound use walk.');
INSERT INTO review (review_id, property_id, user_id, rating, comment) VALUES ('7426bbb2-4b1d-4dad-beae-589870d818f7', '223089a2-51c8-45f5-839a-d0456954e371', 'eedb850e-492a-46ec-8946-2ef8bdd92107', 3, 'Product usually office represent least available.');
INSERT INTO review (review_id, property_id, user_id, rating, comment) VALUES ('c8925098-0740-4ae7-a99f-1b42e29a05ce', 'f2cba15d-8884-4ab3-9dcb-54285f929b75', 'd06c973a-3b01-4992-a2ed-21dff6cf16e1', 2, 'Reveal structure chair same.');
INSERT INTO review (review_id, property_id, user_id, rating, comment) VALUES ('e6ed9d04-90f1-46c9-bf47-7d8881a044cc', 'f55d9c00-f7ad-4170-804b-27b3de3643bd', 'c2af9b13-94fd-47f9-b66b-a734f2b73958', 4, 'Test when general everything center wind.');
INSERT INTO review (review_id, property_id, user_id, rating, comment) VALUES ('72728c66-a1fc-428d-a528-4350da909438', 'e339e91c-e051-4701-a722-0c3cf29e0fa0', '2d683bb9-9f05-45cf-a626-57797879d139', 5, 'Kitchen try trial other night somebody process.');
INSERT INTO review (review_id, property_id, user_id, rating, comment) VALUES ('f778af0e-100c-4f8e-a8d7-d417ba60bd86', '7ad0fb3f-10b2-4e5d-a517-361501258c8b', '2120dae7-c43d-43a0-8c40-71eeea74d0aa', 2, 'Street know rich.');
INSERT INTO review (review_id, property_id, user_id, rating, comment) VALUES ('1a366d64-3595-48b3-8252-21b25c72383d', 'ca10caf0-cdfe-4391-8b55-5c65b4430242', 'cd288d3e-9beb-41a6-9aa4-669ff2b47f6b', 5, 'Impact network alone culture exist deal area.');
INSERT INTO review (review_id, property_id, user_id, rating, comment) VALUES ('882f7666-4897-4aca-babe-3f59d453fb3b', '8cb677da-2465-4e68-9025-9d4a867ec195', '287c2a11-2a97-421e-96c0-afdbedd1c8e3', 5, 'Reason expect capital cover feel debate.');
INSERT INTO review (review_id, property_id, user_id, rating, comment) VALUES ('928aa245-0da5-41d5-a67f-3fc1e2103e05', 'b80cfb9f-1043-45fa-95c2-52174fbf673c', 'f541d29f-d82a-4486-8c3b-c0b681dcd886', 4, 'About into nearly water realize.');
INSERT INTO review (review_id, property_id, user_id, rating, comment) VALUES ('200788b5-5bd5-491a-91a7-583b28a3a334', 'fe17e0c8-4edb-4f2c-9d4f-c44307fdc81f', '1514d02b-5618-4c1c-ad0d-c03e0db67a58', 3, 'Happen discover she shoulder.');
INSERT INTO review (review_id, property_id, user_id, rating, comment) VALUES ('51038e48-28e2-41d1-a553-9cd2af2f2165', 'af3e5983-a61d-446f-8d3d-8d2732f7ce17', '6305f469-7c1e-446f-8a14-4d82e8973cdf', 3, 'Government choice before Democrat among hotel service.');
INSERT INTO review (review_id, property_id, user_id, rating, comment) VALUES ('d37865e5-f940-4451-a7d3-57f505f7c6de', '8e7d4082-c34a-4263-8661-1afb270030ae', 'fdd50082-30de-4b11-9241-068a791f8b41', 5, 'Forget crime resource door only.');
INSERT INTO review (review_id, property_id, user_id, rating, comment) VALUES ('0f914e9a-1b7f-4a6a-8269-9accaba9f543', '192713d4-5d5f-487a-afd7-1312acfa1768', '089a13a6-bb0e-4f3c-91b2-b05c610a6c0d', 3, 'Sit six day.');
INSERT INTO review (review_id, property_id, user_id, rating, comment) VALUES ('5015967e-adc0-47ec-9201-293ae423c7d8', '476a5881-bbc2-445b-bb6d-82dd4f2a8422', '36ddadd8-b50a-4e20-91d1-9ea680d31f8f', 4, 'Than later analysis yet.');
INSERT INTO review (review_id, property_id, user_id, rating, comment) VALUES ('ce66d823-ac56-4300-bdb2-b8c716ccd558', '0b7b3e0a-87c3-4dbb-bcd8-4b633bdb3ff4', 'a186f623-8e52-4c2e-834a-f300f7513bb1', 5, 'However picture agree pass report through.');
INSERT INTO review (review_id, property_id, user_id, rating, comment) VALUES ('a09825d0-8f68-45e8-b3fc-418878042ce9', '3bc2c86f-3d35-47c9-ae5b-a82a2042aad6', 'eedb850e-492a-46ec-8946-2ef8bdd92107', 5, 'Note fear him.');
INSERT INTO review (review_id, property_id, user_id, rating, comment) VALUES ('cb4e8d0b-c596-475a-9fc3-8fd2b4efb21b', 'b80cfb9f-1043-45fa-95c2-52174fbf673c', 'c5f2d84a-477e-4f20-ba89-bb038883a779', 4, 'Purpose ready become leader difference ok some group.');
INSERT INTO review (review_id, property_id, user_id, rating, comment) VALUES ('24271c23-04d2-43ea-b654-c09c9d096402', '2ecf0fa9-cbbe-4493-b1b2-413344751c4c', 'ad37bf0f-b796-48e8-a7e0-ae8b708dc959', 4, 'Tax financial scientist sign attention provide itself.');
INSERT INTO review (review_id, property_id, user_id, rating, comment) VALUES ('3a833e46-c4e2-408b-9d3d-ecaec435c57f', 'a56f5beb-b8a9-4170-ba5a-bea6b99e09c4', 'd06c973a-3b01-4992-a2ed-21dff6cf16e1', 2, 'Manager major newspaper rock mind.');
INSERT INTO review (review_id, property_id, user_id, rating, comment) VALUES ('bd68ada4-e29e-49e2-acda-2eb4f270ee88', 'ed342411-17d8-4e56-a16f-c06da17efaec', 'c5f2d84a-477e-4f20-ba89-bb038883a779', 5, 'Child above lawyer teacher.');
INSERT INTO review (review_id, property_id, user_id, rating, comment) VALUES ('c516538f-4ac4-4d1c-91ec-64d1c57c09ae', 'efa49d1e-cf44-49dc-a9ca-7d60b8f47cfa', 'b4dad950-6958-4005-9373-34a8b360d19a', 2, 'There floor run bag should partner lay cover.');
INSERT INTO review (review_id, property_id, user_id, rating, comment) VALUES ('ac60cbdd-9f58-4b88-ae05-569b96334660', '8cb677da-2465-4e68-9025-9d4a867ec195', 'bfa15966-1c58-42e0-85c1-63f03f4fb627', 4, 'Quality information citizen without Mrs such job.');
INSERT INTO review (review_id, property_id, user_id, rating, comment) VALUES ('8b68b681-8786-4f25-b61b-84ca5f894a8f', 'ed342411-17d8-4e56-a16f-c06da17efaec', '02205138-ed37-492e-bd63-8260ba0bc5ce', 2, 'Ability wide attention fact level never view people.');
INSERT INTO review (review_id, property_id, user_id, rating, comment) VALUES ('bf427b89-79b9-49c5-be7d-a9b4cbc0d2e7', '09840212-3df5-4d63-b9a0-e1dc216ae610', '9076c1c1-e0a6-46f3-b99c-c2b0b6154500', 3, 'Decision TV industry goal position.');
INSERT INTO review (review_id, property_id, user_id, rating, comment) VALUES ('cff4a331-3155-45c7-b4ec-dca3a57a2e9b', 'd12e08df-d340-4f64-8ba2-dfd775fafc03', '29e15380-b4f0-4fe7-a4b6-96f79648d3f1', 4, 'Thousand ask possible decide career professor experience.');
INSERT INTO review (review_id, property_id, user_id, rating, comment) VALUES ('8713b242-99fc-428e-8a2e-859f057a24ff', 'b4bc2fd5-a95f-4828-8b5d-529b03806c5b', 'd9614974-9f2f-45a3-bf05-255068148acc', 4, 'Concern above next role.');
INSERT INTO review (review_id, property_id, user_id, rating, comment) VALUES ('f30635db-40d1-41d9-b7b5-4e2daa046685', '892149b6-b638-4b5d-b4f3-3f7490cce14a', 'dd89ab30-9283-43e1-9032-32b18d7776c2', 4, 'Wear southern lot consider stay throughout itself.');
INSERT INTO review (review_id, property_id, user_id, rating, comment) VALUES ('073b8703-dbd4-4bd2-9354-73021b0d6ab3', '5f427886-81ef-4044-abe5-5276a2be8ccd', '36ddadd8-b50a-4e20-91d1-9ea680d31f8f', 1, 'Join reduce allow eat side.');
INSERT INTO review (review_id, property_id, user_id, rating, comment) VALUES ('0a9b5427-fa26-4bf8-8422-4ae9b35285a6', '476a5881-bbc2-445b-bb6d-82dd4f2a8422', '707ea02a-b2a4-4b05-bfb7-92174996c4cf', 4, 'Another heart others bring.');
INSERT INTO review (review_id, property_id, user_id, rating, comment) VALUES ('96f4f06f-19c1-4209-bb1f-2abc6df78a48', 'f55d9c00-f7ad-4170-804b-27b3de3643bd', '6305f469-7c1e-446f-8a14-4d82e8973cdf', 4, 'Community paper attack.');
INSERT INTO review (review_id, property_id, user_id, rating, comment) VALUES ('9413e696-e1cc-408a-9b43-0225e916d049', 'fe17e0c8-4edb-4f2c-9d4f-c44307fdc81f', '66d9f7fc-c840-40ad-ab88-3459c406126a', 4, 'Wear just writer citizen sport.');
INSERT INTO review (review_id, property_id, user_id, rating, comment) VALUES ('24fbdfb1-2ee9-473d-849e-2038eac73faa', 'e066e35e-3515-4433-8d2a-157a07cdfe87', 'c18bc92a-2d9e-42e7-8be1-36d568f8e1cd', 3, 'Political traditional probably article last.');
INSERT INTO review (review_id, property_id, user_id, rating, comment) VALUES ('65f05e27-41a2-45d4-b447-118b805366a3', 'ca711c2e-22ab-48c8-8e24-7cf29b949c06', '60dc1eb4-4d6f-482b-afd0-53645514dd88', 1, 'Charge author themselves other today PM.');
INSERT INTO review (review_id, property_id, user_id, rating, comment) VALUES ('e1cddec1-4326-4307-8d9c-ea63e5ae8bed', '5c37a916-28bc-49c2-b8a2-b83daf89cdee', '995f6b2d-4b13-47aa-9aa1-b9e9db8c061c', 4, 'Should enough act end value new.');
INSERT INTO review (review_id, property_id, user_id, rating, comment) VALUES ('bb70b44c-c2ed-4d8b-a7ad-33e67f9b2384', 'af3e5983-a61d-446f-8d3d-8d2732f7ce17', '29e15380-b4f0-4fe7-a4b6-96f79648d3f1', 3, 'Have five mission prevent.');
INSERT INTO review (review_id, property_id, user_id, rating, comment) VALUES ('fce37a80-a6ee-4a31-825d-28bd41d87470', 'a987601f-c434-4ad6-8f96-c73443ff7cb0', '29e15380-b4f0-4fe7-a4b6-96f79648d3f1', 4, 'Suggest question theory per deep.');
INSERT INTO review (review_id, property_id, user_id, rating, comment) VALUES ('12950095-1a04-46f5-942f-b42a2278cf0a', 'b80cfb9f-1043-45fa-95c2-52174fbf673c', 'c35146a6-0b78-4176-b7f3-5c2f73dfb5b9', 4, 'Whether model citizen government big increase interest.');
INSERT INTO review (review_id, property_id, user_id, rating, comment) VALUES ('64c81d07-a835-44bc-8bde-5788f59a2a6b', '064969ed-2ee7-4c71-a738-d08242d7f14c', '031ff6b1-0e93-4a69-8e6b-5521661ee760', 5, 'Morning book whatever building whole.');
INSERT INTO review (review_id, property_id, user_id, rating, comment) VALUES ('7dc523dc-19b2-4ac6-a96a-1ae43f9213eb', '2342196c-2b8d-485f-bcc9-b26dd8755721', 'bfa15966-1c58-42e0-85c1-63f03f4fb627', 5, 'Spring impact next not.');
INSERT INTO review (review_id, property_id, user_id, rating, comment) VALUES ('dbc8b1a2-fe6a-40dd-87cc-eded90bce55f', '7007c91c-1d15-4264-9b4f-3a0d54bdf16a', 'ded60dc3-86e9-4ddb-afc1-33253937cab9', 3, 'With visit door admit visit against some.');
INSERT INTO review (review_id, property_id, user_id, rating, comment) VALUES ('2668ca6f-3ecd-43b0-8b97-b2ba78c8d277', '8994c724-9b37-41b8-a3d8-9a2519a54d2b', '995f6b2d-4b13-47aa-9aa1-b9e9db8c061c', 4, 'Born same wall wife before eight.');
INSERT INTO review (review_id, property_id, user_id, rating, comment) VALUES ('7ed32a5a-9c7b-416d-97c6-c61e02862112', 'eb259021-e44a-4913-ac04-ddcdf5bd1c97', '0d29a2d0-532a-4d62-947f-a6ddc50044be', 2, 'Window blood doctor even.');
INSERT INTO review (review_id, property_id, user_id, rating, comment) VALUES ('c2abe08e-1e9c-4ad3-981c-5b9f34db2d83', 'e4efd2ca-6adf-4a49-90ad-d2d6ec87b0c7', '7b302bcd-7450-4f04-9725-156938dfad50', 5, 'Over role score throw name have TV environment.');
INSERT INTO review (review_id, property_id, user_id, rating, comment) VALUES ('54092f53-e6fa-4d7b-ac45-fe124fe91805', '341ac6b2-485e-4bed-9d1d-b300ccd6a34d', 'c5f2d84a-477e-4f20-ba89-bb038883a779', 1, 'Approach impact walk sometimes evidence today.');
INSERT INTO review (review_id, property_id, user_id, rating, comment) VALUES ('e4871341-062d-42fe-baf3-55c4e1383784', 'f55d9c00-f7ad-4170-804b-27b3de3643bd', 'd0dec499-8814-4c7f-823d-e7a29c743794', 1, 'Majority determine away girl.');
INSERT INTO review (review_id, property_id, user_id, rating, comment) VALUES ('20604f68-886a-4cf2-8089-da80c64478e9', '223089a2-51c8-45f5-839a-d0456954e371', '287c2a11-2a97-421e-96c0-afdbedd1c8e3', 4, 'Class PM do network.');
INSERT INTO review (review_id, property_id, user_id, rating, comment) VALUES ('6e737870-5069-421d-adff-d71bce615c1f', 'e4efd2ca-6adf-4a49-90ad-d2d6ec87b0c7', '089a13a6-bb0e-4f3c-91b2-b05c610a6c0d', 1, 'What may simple around ground.');
INSERT INTO review (review_id, property_id, user_id, rating, comment) VALUES ('34fc7621-fda0-471e-a7db-7e6141332f04', 'baf0693b-4de2-4668-aeaf-d55adcc0aee6', '68e17782-fe23-48d6-a2c0-b6613e253168', 2, 'Or cut level big kind watch cultural.');
INSERT INTO review (review_id, property_id, user_id, rating, comment) VALUES ('33811f0d-dfb1-46f1-a628-b8b64345b187', '7f5d2b04-e294-4020-ab97-ba43f3056558', '00e6fa3f-306c-4fcd-b874-63d49f6e619c', 3, 'Finish responsibility recent own tonight some spend interest.');
INSERT INTO review (review_id, property_id, user_id, rating, comment) VALUES ('12a4dc8a-862d-40f7-9ab3-f2896df48ec5', '0184cd6c-6606-44f8-80e0-92e10ee5ae5f', '9854c17d-634d-4e72-ac4e-8299c7b12a13', 2, 'Firm instead dream surface.');
INSERT INTO review (review_id, property_id, user_id, rating, comment) VALUES ('d84d7e35-804b-4f57-8f24-8e2ff2b44a93', 'df558f84-8a62-4f80-9b27-a8057e0324b5', 'cc9ef611-d9ad-47cd-ab47-3fdf2d2e591e', 4, 'Very well religious those report reason.');
INSERT INTO message (message_id, sender_id, recipient_id, message_body) VALUES ('827b905b-8c1f-43b0-b0e9-579a6d1179d4', '1514d02b-5618-4c1c-ad0d-c03e0db67a58', '0d29a2d0-532a-4d62-947f-a6ddc50044be', 'Society attention heavy debate cover.');
INSERT INTO message (message_id, sender_id, recipient_id, message_body) VALUES ('6e371780-711d-424b-adeb-1056202e97a3', 'de73cfc3-9ab3-4f5b-bb93-9bdaa6830746', '707ea02a-b2a4-4b05-bfb7-92174996c4cf', 'Space what practice town billion painting.');
INSERT INTO message (message_id, sender_id, recipient_id, message_body) VALUES ('f8b6a2a2-caf6-4a2c-81f1-b7749e2d0303', 'f24fb5ea-1230-4a17-9168-b28a9217b622', 'cc9ef611-d9ad-47cd-ab47-3fdf2d2e591e', 'Another check group indeed feel should whose into.');
INSERT INTO message (message_id, sender_id, recipient_id, message_body) VALUES ('346c1852-00b6-4fb6-b708-009d36201f3a', '03843dc8-fe5d-4a72-9343-118771047b2b', 'e9cf0faa-fba8-484c-a65f-b0b5730bdd73', 'Yard quality production cause.');
INSERT INTO message (message_id, sender_id, recipient_id, message_body) VALUES ('207da4db-e076-4d32-9e81-f71c18e64d29', '88b63a94-195d-4b16-9734-4ca9a1526081', '2634a7bf-b039-4ef6-875f-ad379eb0633f', 'Word good business us region receive for.');
INSERT INTO message (message_id, sender_id, recipient_id, message_body) VALUES ('bee6b907-8c09-4e1c-8c8a-bdb98b9a533e', '29e15380-b4f0-4fe7-a4b6-96f79648d3f1', '2634a7bf-b039-4ef6-875f-ad379eb0633f', 'Business true guy answer recognize.');
INSERT INTO message (message_id, sender_id, recipient_id, message_body) VALUES ('f5a820ca-e5d1-439b-aa18-90f9cae1520a', '960548e4-7684-42c9-a980-649a0d6a64d9', '0e8d3960-575c-4b9b-bf51-6e20e8a1854f', 'Them particularly admit live down daughter trip.');
INSERT INTO message (message_id, sender_id, recipient_id, message_body) VALUES ('ce60c4e2-d056-4bb2-8bbf-9d74a7f646f7', '0d29a2d0-532a-4d62-947f-a6ddc50044be', '960548e4-7684-42c9-a980-649a0d6a64d9', 'Cup he father evidence question fund arrive clearly.');
INSERT INTO message (message_id, sender_id, recipient_id, message_body) VALUES ('cfd7aa23-77ef-4cf4-a2b9-9835448fbb53', 'ad37bf0f-b796-48e8-a7e0-ae8b708dc959', '67cc975c-0cfe-4bba-9791-5320d058a20f', 'Run its near really.');
INSERT INTO message (message_id, sender_id, recipient_id, message_body) VALUES ('78a751d9-30d0-4763-9f06-fff8bfa8ccc0', 'dd89ab30-9283-43e1-9032-32b18d7776c2', '67cc975c-0cfe-4bba-9791-5320d058a20f', 'Little Mr population add age letter religious.');
INSERT INTO message (message_id, sender_id, recipient_id, message_body) VALUES ('24b9b03c-a7b8-4118-ab9b-adae53b1262d', '36626c34-d394-4e92-8999-ade7a9ca27b5', 'a501347f-44b4-4353-89b1-b1f6150a121d', 'Money purpose TV between camera.');
INSERT INTO message (message_id, sender_id, recipient_id, message_body) VALUES ('2022f503-527c-49e2-81ee-c7569a10443c', '34f899da-fe49-4033-8bf9-eea0f9453430', 'bfa15966-1c58-42e0-85c1-63f03f4fb627', 'Offer trip occur accept technology all describe.');
INSERT INTO message (message_id, sender_id, recipient_id, message_body) VALUES ('3e8dcff3-ec16-4234-9784-23a3921b99bb', '8bdd54d7-3915-4ce3-9d79-59eae108886a', '7b302bcd-7450-4f04-9725-156938dfad50', 'Organization left condition course.');
INSERT INTO message (message_id, sender_id, recipient_id, message_body) VALUES ('d349a7d1-2334-4536-82b0-ff02c9b7f3d7', '7b302bcd-7450-4f04-9725-156938dfad50', 'ded60dc3-86e9-4ddb-afc1-33253937cab9', 'Short us likely machine environmental pressure treatment.');
INSERT INTO message (message_id, sender_id, recipient_id, message_body) VALUES ('8e70f6fa-8a09-4f1a-be85-46da5f8dddb4', '2d683bb9-9f05-45cf-a626-57797879d139', '49116898-8839-4262-aa1b-b35270d0347b', 'Full particular present between color public return.');
INSERT INTO message (message_id, sender_id, recipient_id, message_body) VALUES ('60bd7a4a-9351-40bf-bb3c-6e45d246b499', 'f02045b1-adba-4dab-8a76-ac8be542f533', '49116898-8839-4262-aa1b-b35270d0347b', 'Language they environment.');
INSERT INTO message (message_id, sender_id, recipient_id, message_body) VALUES ('c80bd7b0-cb08-42b9-9d6a-8f1ff11b8d89', '60dc1eb4-4d6f-482b-afd0-53645514dd88', '36ddadd8-b50a-4e20-91d1-9ea680d31f8f', 'Shake wife all upon say.');
INSERT INTO message (message_id, sender_id, recipient_id, message_body) VALUES ('f69147ba-d540-4de3-8e7b-f8772e6a97ca', '36ddadd8-b50a-4e20-91d1-9ea680d31f8f', '66d9f7fc-c840-40ad-ab88-3459c406126a', 'Magazine paper age physical current note.');
INSERT INTO message (message_id, sender_id, recipient_id, message_body) VALUES ('55507389-5026-4865-800a-cda9cd88ea29', '64f91967-5341-4d98-8494-48ab9d414eab', '2bde3efe-3fff-4287-8a5a-7ae21ac717db', 'There reality size move red join.');
INSERT INTO message (message_id, sender_id, recipient_id, message_body) VALUES ('56f747aa-3cca-4223-b257-d2339c0591e0', '65325753-9ef6-413c-8a89-383b8b07942b', 'ef5d1406-35b2-41a2-a6c3-b6a3f4ea25ef', 'Trouble you eight describe pattern hard however sign.');
INSERT INTO message (message_id, sender_id, recipient_id, message_body) VALUES ('dc628bb8-3f62-41a8-9806-907c52821ee4', 'f541d29f-d82a-4486-8c3b-c0b681dcd886', '79128899-8efc-413a-8165-4d854bc35373', 'Space majority bit instead smile happen.');
INSERT INTO message (message_id, sender_id, recipient_id, message_body) VALUES ('46c09c8c-3997-4e7e-be60-d3e9748088ae', 'c2af9b13-94fd-47f9-b66b-a734f2b73958', 'ef5d1406-35b2-41a2-a6c3-b6a3f4ea25ef', 'Green wife in end decade leader.');
INSERT INTO message (message_id, sender_id, recipient_id, message_body) VALUES ('39e7910c-222c-49a5-9178-bba521fdb840', '031ff6b1-0e93-4a69-8e6b-5521661ee760', '00e6fa3f-306c-4fcd-b874-63d49f6e619c', 'Begin actually team industry only.');
INSERT INTO message (message_id, sender_id, recipient_id, message_body) VALUES ('a9e4e3b1-706a-4cd0-b35e-4a564987c233', '8bdd54d7-3915-4ce3-9d79-59eae108886a', '2d683bb9-9f05-45cf-a626-57797879d139', 'Various picture rule poor information.');
INSERT INTO message (message_id, sender_id, recipient_id, message_body) VALUES ('a187908d-a6dc-451c-a87d-e27c7d94bae9', '88b63a94-195d-4b16-9734-4ca9a1526081', '617946eb-b9b6-4e96-8ec5-8c0b2f558ea7', 'Admit play avoid few.');
INSERT INTO message (message_id, sender_id, recipient_id, message_body) VALUES ('2ec2326d-f46d-4262-9bbd-c49c4fd92341', '031ff6b1-0e93-4a69-8e6b-5521661ee760', '29e15380-b4f0-4fe7-a4b6-96f79648d3f1', 'Day dog receive wife.');
INSERT INTO message (message_id, sender_id, recipient_id, message_body) VALUES ('cd7ab920-0b68-42b2-8fb1-6f664a60a659', '089a13a6-bb0e-4f3c-91b2-b05c610a6c0d', '18a39caf-60bc-4dac-b86b-bc8f84126589', 'Fall spring choose power management sell.');
INSERT INTO message (message_id, sender_id, recipient_id, message_body) VALUES ('4736f36f-54f4-44fb-82d6-ef0e8a56c8a6', 'd0dec499-8814-4c7f-823d-e7a29c743794', 'd54113e0-3344-403b-993f-bcc25e320ab4', 'Political at film kitchen environment method myself.');
INSERT INTO message (message_id, sender_id, recipient_id, message_body) VALUES ('86a49393-2464-4def-b581-015303551d65', '65325753-9ef6-413c-8a89-383b8b07942b', 'ad287012-3970-40e5-98f2-ba7ab6d505b5', 'Pick structure wrong figure.');
INSERT INTO message (message_id, sender_id, recipient_id, message_body) VALUES ('a04dc399-c4c7-4cbe-8a69-db5caecf08b1', '9076c1c1-e0a6-46f3-b99c-c2b0b6154500', '80e72ecb-73a4-4c55-bcba-49377aae5b75', 'Similar idea remain glass.');
INSERT INTO message (message_id, sender_id, recipient_id, message_body) VALUES ('1ad894a2-937a-48f5-b946-d7d76cb43eff', '0d29a2d0-532a-4d62-947f-a6ddc50044be', '00b00095-9c2c-4bbd-b457-f346c8a14b6b', 'Surface concern law enough information which join.');
INSERT INTO message (message_id, sender_id, recipient_id, message_body) VALUES ('1c88cb4b-7f9e-47cc-bb60-97907d8617fb', '36ddadd8-b50a-4e20-91d1-9ea680d31f8f', 'e822f4ac-6477-434c-aed8-3043dbc55f94', 'Garden social man personal.');
INSERT INTO message (message_id, sender_id, recipient_id, message_body) VALUES ('cbd27a5d-855f-4170-9f82-a05d5308500e', 'd54113e0-3344-403b-993f-bcc25e320ab4', 'a20b224a-d5c1-4b4f-854f-3f4d8162a3c8', 'Manager political keep attack behavior security.');
INSERT INTO message (message_id, sender_id, recipient_id, message_body) VALUES ('db6f0b46-7aec-43d1-b1ea-e92f63b451dd', '88805c20-8f41-452c-b9da-fce1a132957c', 'c18bc92a-2d9e-42e7-8be1-36d568f8e1cd', 'Exist these perhaps such those position wrong.');
INSERT INTO message (message_id, sender_id, recipient_id, message_body) VALUES ('bc968d1b-a414-493d-94fc-69e54bada837', 'ad37bf0f-b796-48e8-a7e0-ae8b708dc959', 'de73cfc3-9ab3-4f5b-bb93-9bdaa6830746', 'Quickly wind include allow must point.');
INSERT INTO message (message_id, sender_id, recipient_id, message_body) VALUES ('8d2ffaea-10ff-43a0-bbe9-2b770bf8d79f', '287c2a11-2a97-421e-96c0-afdbedd1c8e3', '7b302bcd-7450-4f04-9725-156938dfad50', 'Similar age option war partner determine.');
INSERT INTO message (message_id, sender_id, recipient_id, message_body) VALUES ('a1284bcb-a00d-4495-8d06-f4b1e0ba25c4', '0d29a2d0-532a-4d62-947f-a6ddc50044be', 'c9468b51-8a55-406c-9914-cf47cfb4446c', 'Wide method movie painting.');
INSERT INTO message (message_id, sender_id, recipient_id, message_body) VALUES ('6f67794e-04cb-43cf-a39b-f87410ad9ce8', 'a186f623-8e52-4c2e-834a-f300f7513bb1', '85a0cc7c-67e7-4898-83d0-6f1a0bf3d286', 'Rate measure brother approach five.');
INSERT INTO message (message_id, sender_id, recipient_id, message_body) VALUES ('f9a619cf-a927-4050-aee9-990085d0092b', '5d7b7016-ca1a-4238-828d-2abb441800b9', 'c35146a6-0b78-4176-b7f3-5c2f73dfb5b9', 'Later role change.');
INSERT INTO message (message_id, sender_id, recipient_id, message_body) VALUES ('bce1ad86-c01c-4581-8985-5b6ffe43b6fe', 'b6e4359f-cb45-42bb-b8af-2a38dcbfbb1f', 'bfa15966-1c58-42e0-85c1-63f03f4fb627', 'Adult prepare son particular economy evening same trouble.');
INSERT INTO message (message_id, sender_id, recipient_id, message_body) VALUES ('d2326b75-d3f0-4b3f-bf1b-837ec01d6329', 'ded60dc3-86e9-4ddb-afc1-33253937cab9', '79128899-8efc-413a-8165-4d854bc35373', 'Family east within walk school.');
INSERT INTO message (message_id, sender_id, recipient_id, message_body) VALUES ('14d4356b-597c-42fa-8608-478bceeb4dcd', 'e822f4ac-6477-434c-aed8-3043dbc55f94', 'a501347f-44b4-4353-89b1-b1f6150a121d', 'Year establish generation TV response.');
INSERT INTO message (message_id, sender_id, recipient_id, message_body) VALUES ('a2bc3a89-eeb5-4b30-92fd-9488ad21e693', '617946eb-b9b6-4e96-8ec5-8c0b2f558ea7', 'c5f2d84a-477e-4f20-ba89-bb038883a779', 'As his seven stock.');
INSERT INTO message (message_id, sender_id, recipient_id, message_body) VALUES ('14b313d8-ea6f-4173-975a-34f037ec87d3', '00e6fa3f-306c-4fcd-b874-63d49f6e619c', '99f47342-6f5f-4168-aa4c-e0ee44d706db', 'Decade high clear ready past trade believe worry.');
INSERT INTO message (message_id, sender_id, recipient_id, message_body) VALUES ('c09a9351-ff2d-4b32-9cc1-b38c6a516585', 'a20b224a-d5c1-4b4f-854f-3f4d8162a3c8', '60dc1eb4-4d6f-482b-afd0-53645514dd88', 'Despite approach beautiful late find.');
INSERT INTO message (message_id, sender_id, recipient_id, message_body) VALUES ('edfca677-20fc-4a47-b810-4097a35e4680', '89718559-f433-4e0f-9abb-646bed7c5eb2', 'd0dec499-8814-4c7f-823d-e7a29c743794', 'Every quality he under body phone.');
INSERT INTO message (message_id, sender_id, recipient_id, message_body) VALUES ('bc0800c7-b127-4450-8ea4-2bb7eeaadc6b', '02205138-ed37-492e-bd63-8260ba0bc5ce', 'f24fb5ea-1230-4a17-9168-b28a9217b622', 'Hard movement similar certainly little talk.');
INSERT INTO message (message_id, sender_id, recipient_id, message_body) VALUES ('e618ba79-a042-4651-855b-27e1956b2f2d', '89718559-f433-4e0f-9abb-646bed7c5eb2', '978c4e9c-0203-46c2-ac0c-cc10b13903cf', 'Money something move race special away.');
INSERT INTO message (message_id, sender_id, recipient_id, message_body) VALUES ('cf39aea2-7336-40f7-b55c-eaf5e0132b4b', 'b6e4359f-cb45-42bb-b8af-2a38dcbfbb1f', 'd0dec499-8814-4c7f-823d-e7a29c743794', 'Election reality population pressure.');
INSERT INTO message (message_id, sender_id, recipient_id, message_body) VALUES ('46968d16-b054-41ca-bec4-1fd66a4c8b06', '960548e4-7684-42c9-a980-649a0d6a64d9', '0726bfa6-4eb7-4a74-8d4b-4c1007fc9c79', 'Rock next week scientist recognize so.');
INSERT INTO message (message_id, sender_id, recipient_id, message_body) VALUES ('7842678d-4eeb-4655-97a2-b9ab73a8792a', '88b63a94-195d-4b16-9734-4ca9a1526081', 'de73cfc3-9ab3-4f5b-bb93-9bdaa6830746', 'Risk agent dark sound again professor operation next.');
INSERT INTO message (message_id, sender_id, recipient_id, message_body) VALUES ('238dea30-2ad7-433c-9c2c-e4c76a7b1979', '67cc975c-0cfe-4bba-9791-5320d058a20f', '1514d02b-5618-4c1c-ad0d-c03e0db67a58', 'With team front mother.');
INSERT INTO message (message_id, sender_id, recipient_id, message_body) VALUES ('542c0788-3c0b-4e88-ac9a-6e431d75954b', 'a501347f-44b4-4353-89b1-b1f6150a121d', '016e5382-0b93-46ad-add7-20ce276edb66', 'Management common popular project only.');
INSERT INTO message (message_id, sender_id, recipient_id, message_body) VALUES ('7a203136-00d1-407f-9819-517e375c5b6e', '190ea845-89d5-40ea-a300-3f01b3baff19', 'c18bc92a-2d9e-42e7-8be1-36d568f8e1cd', 'Must small hair strong reveal future girl.');
INSERT INTO message (message_id, sender_id, recipient_id, message_body) VALUES ('580fbcbd-680a-43ba-8ff7-116fbecc7def', 'e9cf0faa-fba8-484c-a65f-b0b5730bdd73', '707ea02a-b2a4-4b05-bfb7-92174996c4cf', 'Mother anything western Congress.');
INSERT INTO message (message_id, sender_id, recipient_id, message_body) VALUES ('2081a47f-5dab-42a4-9c6d-d354bdadce40', 'bfa15966-1c58-42e0-85c1-63f03f4fb627', '18a39caf-60bc-4dac-b86b-bc8f84126589', 'You thought PM charge or put upon.');
INSERT INTO message (message_id, sender_id, recipient_id, message_body) VALUES ('fea8f0d9-0b5d-4155-acc0-0a8d1f2c050c', '2d91befd-de61-490f-965e-a627ec40d29c', '016e5382-0b93-46ad-add7-20ce276edb66', 'Least building military seem.');
INSERT INTO message (message_id, sender_id, recipient_id, message_body) VALUES ('09745c9c-b05f-4073-b718-7fe96916c9af', '71009437-2a60-4002-babd-c271c40e538b', 'bfa15966-1c58-42e0-85c1-63f03f4fb627', 'Glass type structure so magazine worker.');
INSERT INTO message (message_id, sender_id, recipient_id, message_body) VALUES ('b31e4855-5982-496c-a61a-d71976f4f7bc', 'b6e4359f-cb45-42bb-b8af-2a38dcbfbb1f', '36626c34-d394-4e92-8999-ade7a9ca27b5', 'Message become of Republican life field game look.');
INSERT INTO message (message_id, sender_id, recipient_id, message_body) VALUES ('7f61437c-2246-4af0-8d12-1aa6dbde06b2', 'f541d29f-d82a-4486-8c3b-c0b681dcd886', '66d9f7fc-c840-40ad-ab88-3459c406126a', 'Rest term tree pass he training one.');
INSERT INTO message (message_id, sender_id, recipient_id, message_body) VALUES ('b732be11-982e-444e-910b-409fdb80baa1', '9a3670fb-e044-49e8-8f24-7f278e524d90', '1514d02b-5618-4c1c-ad0d-c03e0db67a58', 'Social production consider state.');
INSERT INTO message (message_id, sender_id, recipient_id, message_body) VALUES ('af2ec824-5266-4d13-9b4c-83d86cab3e95', 'ded60dc3-86e9-4ddb-afc1-33253937cab9', '65325753-9ef6-413c-8a89-383b8b07942b', 'Her front watch religious star.');
INSERT INTO message (message_id, sender_id, recipient_id, message_body) VALUES ('670832ec-ac88-41c2-a3ba-738dde1e2122', '2d91befd-de61-490f-965e-a627ec40d29c', '34f899da-fe49-4033-8bf9-eea0f9453430', 'Type note land lead not site.');
INSERT INTO message (message_id, sender_id, recipient_id, message_body) VALUES ('acf30e2d-59cf-41fb-a292-18b12af0b029', '995f6b2d-4b13-47aa-9aa1-b9e9db8c061c', '80e72ecb-73a4-4c55-bcba-49377aae5b75', 'Issue long civil anything court many.');
INSERT INTO message (message_id, sender_id, recipient_id, message_body) VALUES ('e9b74ca8-e3ac-4b38-a9f7-e9fbf34fd44c', '64f91967-5341-4d98-8494-48ab9d414eab', 'd0dec499-8814-4c7f-823d-e7a29c743794', 'City clear deep.');
INSERT INTO message (message_id, sender_id, recipient_id, message_body) VALUES ('372bf048-963e-4a2b-b1d2-b028f225c1e7', 'a501347f-44b4-4353-89b1-b1f6150a121d', '2120dae7-c43d-43a0-8c40-71eeea74d0aa', 'Rather summer country toward.');
INSERT INTO message (message_id, sender_id, recipient_id, message_body) VALUES ('d5515c6a-305c-4218-8e23-a85b1dd9d62c', 'bfa15966-1c58-42e0-85c1-63f03f4fb627', 'e981845b-8b03-4efd-b2c4-56dd8bb167d7', 'Help budget television message.');
INSERT INTO message (message_id, sender_id, recipient_id, message_body) VALUES ('5b7a97e6-a6ac-45ea-aaf1-3fdb60202f75', '99f47342-6f5f-4168-aa4c-e0ee44d706db', '995f6b2d-4b13-47aa-9aa1-b9e9db8c061c', 'Push arrive body modern bit.');
INSERT INTO message (message_id, sender_id, recipient_id, message_body) VALUES ('98d7c7a7-f37a-4cd4-b004-a381fa557af5', '978c4e9c-0203-46c2-ac0c-cc10b13903cf', '89718559-f433-4e0f-9abb-646bed7c5eb2', 'Walk be bad wall conference view oil.');
INSERT INTO message (message_id, sender_id, recipient_id, message_body) VALUES ('51873bca-ab77-49fc-94d0-ee4ad072d97b', '2d683bb9-9f05-45cf-a626-57797879d139', '2d91befd-de61-490f-965e-a627ec40d29c', 'Finally price stuff north.');
INSERT INTO message (message_id, sender_id, recipient_id, message_body) VALUES ('c4fba93f-1ec1-46ec-98be-438690499f09', 'd06c973a-3b01-4992-a2ed-21dff6cf16e1', '67cc975c-0cfe-4bba-9791-5320d058a20f', 'Focus several view PM coach.');
INSERT INTO message (message_id, sender_id, recipient_id, message_body) VALUES ('4a3267c4-39ca-4fb2-9aac-6ee0c7a478ce', 'd54113e0-3344-403b-993f-bcc25e320ab4', 'cdf36fe5-0841-4ab7-b390-3d3c7e197830', 'Draw seat true listen art.');
INSERT INTO message (message_id, sender_id, recipient_id, message_body) VALUES ('62d9ccbb-9aa6-40e2-b9cb-c0706135e80c', '60dc1eb4-4d6f-482b-afd0-53645514dd88', '80e72ecb-73a4-4c55-bcba-49377aae5b75', 'Participant affect better answer.');
INSERT INTO message (message_id, sender_id, recipient_id, message_body) VALUES ('925bfed7-8740-4ff9-8489-7c05dcaa30b2', 'c2af9b13-94fd-47f9-b66b-a734f2b73958', 'f541d29f-d82a-4486-8c3b-c0b681dcd886', 'Change treatment figure.');
INSERT INTO message (message_id, sender_id, recipient_id, message_body) VALUES ('b398b963-a674-4c03-a992-b5bd31282f55', '5096f550-2edf-44f1-8679-638fba61b32f', 'ec72412d-9981-4bc1-896b-c05e2b2a8597', 'After last join list ever.');
INSERT INTO message (message_id, sender_id, recipient_id, message_body) VALUES ('1459f46e-a83c-4fc5-b928-5a8aea9000d5', '88805c20-8f41-452c-b9da-fce1a132957c', '7b302bcd-7450-4f04-9725-156938dfad50', 'Research man former summer.');
INSERT INTO message (message_id, sender_id, recipient_id, message_body) VALUES ('3ae64383-945c-4956-80c4-527b93021abd', '016e5382-0b93-46ad-add7-20ce276edb66', '287c2a11-2a97-421e-96c0-afdbedd1c8e3', 'Summer or like.');
INSERT INTO message (message_id, sender_id, recipient_id, message_body) VALUES ('ebcd8077-6e54-4523-a386-17a12f580cea', '58849716-4ecd-495f-84e3-c7c7f1833d01', '64f91967-5341-4d98-8494-48ab9d414eab', 'Really language account early use.');
INSERT INTO message (message_id, sender_id, recipient_id, message_body) VALUES ('34c8919c-da13-4050-a3e1-fe92afa321b1', '995f6b2d-4b13-47aa-9aa1-b9e9db8c061c', 'd54113e0-3344-403b-993f-bcc25e320ab4', 'Smile media send water happen debate.');
INSERT INTO message (message_id, sender_id, recipient_id, message_body) VALUES ('1fe45266-b207-435c-baff-cf78da1b5397', '0d29a2d0-532a-4d62-947f-a6ddc50044be', 'e981845b-8b03-4efd-b2c4-56dd8bb167d7', 'Firm person black because song.');
INSERT INTO message (message_id, sender_id, recipient_id, message_body) VALUES ('8277c214-032b-4cae-9582-cb8a8ce955e6', '7b302bcd-7450-4f04-9725-156938dfad50', 'c9468b51-8a55-406c-9914-cf47cfb4446c', 'Reveal movement event current cost later despite training.');
INSERT INTO message (message_id, sender_id, recipient_id, message_body) VALUES ('a908ca74-b563-4c59-9aff-bf906af9ac69', 'bfa15966-1c58-42e0-85c1-63f03f4fb627', 'e981845b-8b03-4efd-b2c4-56dd8bb167d7', 'Sign nature realize southern.');
INSERT INTO message (message_id, sender_id, recipient_id, message_body) VALUES ('5e069fa7-01ee-4ab6-81fe-5287c8771aeb', '88805c20-8f41-452c-b9da-fce1a132957c', '031ff6b1-0e93-4a69-8e6b-5521661ee760', 'Contain relate require item field deal wait rate.');
INSERT INTO message (message_id, sender_id, recipient_id, message_body) VALUES ('a2e57cd6-b7c5-449b-b8d0-3d1bbfee76a4', 'ef5d1406-35b2-41a2-a6c3-b6a3f4ea25ef', '2bde3efe-3fff-4287-8a5a-7ae21ac717db', 'Finally site tend staff name.');
INSERT INTO message (message_id, sender_id, recipient_id, message_body) VALUES ('05dc3f68-f29e-4661-8659-e95257ca550f', '36626c34-d394-4e92-8999-ade7a9ca27b5', '722fc31a-c86a-490f-a98a-6926c288215f', 'Third enjoy care born cut peace eat.');
INSERT INTO message (message_id, sender_id, recipient_id, message_body) VALUES ('06ec0029-be0f-48c5-a684-b1704ecaf1fe', '031ff6b1-0e93-4a69-8e6b-5521661ee760', 'a186f623-8e52-4c2e-834a-f300f7513bb1', 'Laugh market stay many.');
INSERT INTO message (message_id, sender_id, recipient_id, message_body) VALUES ('44e2ae97-c196-4fa5-930f-17df79e31c51', '67ab4a51-8721-4344-b287-6fb3d5d11fa2', 'c9468b51-8a55-406c-9914-cf47cfb4446c', 'Interest concern important son participant tree.');
INSERT INTO message (message_id, sender_id, recipient_id, message_body) VALUES ('b01a7326-aca7-492c-bba2-2b2eb67c0480', '00b00095-9c2c-4bbd-b457-f346c8a14b6b', 'ad37bf0f-b796-48e8-a7e0-ae8b708dc959', 'Recent type rest name.');
INSERT INTO message (message_id, sender_id, recipient_id, message_body) VALUES ('3cf8c382-62d0-4881-a2a6-d4c1dc5448bc', '67cc975c-0cfe-4bba-9791-5320d058a20f', 'cc9ef611-d9ad-47cd-ab47-3fdf2d2e591e', 'Unit difficult matter police anyone.');
INSERT INTO message (message_id, sender_id, recipient_id, message_body) VALUES ('c6a0018b-e499-4c01-96b9-cc192374861c', '00b00095-9c2c-4bbd-b457-f346c8a14b6b', '34f899da-fe49-4033-8bf9-eea0f9453430', 'Wind radio less must cut style.');
INSERT INTO message (message_id, sender_id, recipient_id, message_body) VALUES ('73d10ca8-d61b-4e6c-ad49-c3c932a06203', 'c18bc92a-2d9e-42e7-8be1-36d568f8e1cd', '00b00095-9c2c-4bbd-b457-f346c8a14b6b', 'Foot yard make.');
INSERT INTO message (message_id, sender_id, recipient_id, message_body) VALUES ('4a0f75db-18ca-4835-9336-2771eb267bda', '00e6fa3f-306c-4fcd-b874-63d49f6e619c', '5096f550-2edf-44f1-8679-638fba61b32f', 'News through way top.');
INSERT INTO message (message_id, sender_id, recipient_id, message_body) VALUES ('c9cf0a17-a93e-4a5d-a024-f745790c1423', 'e2bcef7e-08a8-4135-a821-3a489ebb7256', '36626c34-d394-4e92-8999-ade7a9ca27b5', 'War film Mr different admit break.');
INSERT INTO message (message_id, sender_id, recipient_id, message_body) VALUES ('cb53e6af-ac1a-4e6a-84b6-68c0d95cf70a', 'e822f4ac-6477-434c-aed8-3043dbc55f94', '995f6b2d-4b13-47aa-9aa1-b9e9db8c061c', 'Land operation walk according party.');
INSERT INTO message (message_id, sender_id, recipient_id, message_body) VALUES ('6682b829-8832-404a-a4ea-3ea9803def1b', '03843dc8-fe5d-4a72-9343-118771047b2b', '00e6fa3f-306c-4fcd-b874-63d49f6e619c', 'Program address agent life true.');
INSERT INTO message (message_id, sender_id, recipient_id, message_body) VALUES ('4d77391e-d7d7-4d82-8cf2-0813810348f7', '9a3670fb-e044-49e8-8f24-7f278e524d90', '68e17782-fe23-48d6-a2c0-b6613e253168', 'Change area either.');
INSERT INTO message (message_id, sender_id, recipient_id, message_body) VALUES ('56eabefd-de9c-47a8-a680-ee6bfa7ebc02', '960548e4-7684-42c9-a980-649a0d6a64d9', '08b94e23-2ea9-4348-b1dd-86e38cbe918c', 'Type start wonder space.');
INSERT INTO message (message_id, sender_id, recipient_id, message_body) VALUES ('b6a5b6ab-9e6e-402b-be71-a95c5fd26315', '9076c1c1-e0a6-46f3-b99c-c2b0b6154500', '88b63a94-195d-4b16-9734-4ca9a1526081', 'Alone style walk four stop part agency stock.');
INSERT INTO message (message_id, sender_id, recipient_id, message_body) VALUES ('65b9a30b-c30e-4522-9420-512c3922ee2a', '722fc31a-c86a-490f-a98a-6926c288215f', 'c9468b51-8a55-406c-9914-cf47cfb4446c', 'Safe rock identify talk ago green stock color.');
INSERT INTO message (message_id, sender_id, recipient_id, message_body) VALUES ('75d998ed-c3b4-47b8-b3aa-8b36db3efb4b', '707ea02a-b2a4-4b05-bfb7-92174996c4cf', 'e2bcef7e-08a8-4135-a821-3a489ebb7256', 'House south environmental which painting.');